Project,FCID,Lane,Index,SM_Tag,File_Name
keldred1_GWAS,CCEPGANXX,8,TAATGCGC~GTACTGAC,13-2000_8,CCEPGANXX_8_TAATGCGC~GTACTGAC
keldred1_GWAS,CCEPGANXX,8,CGGCTATG~GTACTGAC,12-1165_8,CCEPGANXX_8_CGGCTATG~GTACTGAC
keldred1_GWAS,CCEPGANXX,8,TCCGCGAA~GTACTGAC,12-0936_8,CCEPGANXX_8_TCCGCGAA~GTACTGAC
keldred1_GWAS,CCEPGANXX,8,GAATTCGT~GTACTGAC,12-1186_8,CCEPGANXX_8_GAATTCGT~GTACTGAC
keldred1_GWAS,CCEPGANXX,8,CTGAAGCT~GTACTGAC,13-1967_8,CCEPGANXX_8_CTGAAGCT~GTACTGAC
keldred1_GWAS,CCEPGANXX,8,AGCGATAG~TAATCTTA,12-1511_8,CCEPGANXX_8_AGCGATAG~TAATCTTA
keldred1_GWAS,CCEPGANXX,8,AGCGATAG~CAGGACGT,11-0219_8,CCEPGANXX_8_AGCGATAG~CAGGACGT
keldred1_GWAS,CCEPGANXX,8,TCCGGAGA~GTACTGAC,12-0464_8,CCEPGANXX_8_TCCGGAGA~GTACTGAC
keldred1_GWAS,CCEPGANXX,1,GAGATTCC~TAATCTTA,12-1091_1,CCEPGANXX_1_GAGATTCC~TAATCTTA
keldred1_GWAS,CCEPGANXX,1,AGCGATAG~AGGCGAAG,12-1513_1,CCEPGANXX_1_AGCGATAG~AGGCGAAG
keldred1_GWAS,CCEPGANXX,1,TCCGCGAA~CAGGACGT,13-2089_1,CCEPGANXX_1_TCCGCGAA~CAGGACGT
keldred1_GWAS,CCEPGANXX,1,AGCGATAG~GGCTCTGA,12-1259_1,CCEPGANXX_1_AGCGATAG~GGCTCTGA
keldred1_GWAS,CCEPGANXX,1,TCCGGAGA~CAGGACGT,12-0660_1,CCEPGANXX_1_TCCGGAGA~CAGGACGT
keldred1_GWAS,CCEPGANXX,1,TCCGCGAA~GTACTGAC,12-1437_1,CCEPGANXX_1_TCCGCGAA~GTACTGAC
keldred1_GWAS,CCEPGANXX,1,GAATTCGT~CAGGACGT,12-1355_1,CCEPGANXX_1_GAATTCGT~CAGGACGT
keldred1_GWAS,CCEPGANXX,1,ATTCAGAA~AGGCGAAG,13-2083_1,CCEPGANXX_1_ATTCAGAA~AGGCGAAG
keldred1_GWAS,CCEPGANXX,1,TCCGGAGA~GGCTCTGA,12-1490_1,CCEPGANXX_1_TCCGGAGA~GGCTCTGA
keldred1_GWAS,CCEPGANXX,1,TCCGGAG~TAATCTTA,12-1033_1,CCEPGANXX_1_TCCGGAG~TAATCTTA
keldred1_GWAS,CCEPGANXX,1,CGCTCATT~CAGGACGT,11-0254_1,CCEPGANXX_1_CGCTCATT~CAGGACGT
keldred1_GWAS,CCEPGANXX,1,CGCTCATT~TAATCTTA,12-0369_1,CCEPGANXX_1_CGCTCATT~TAATCTTA
keldred1_GWAS,CCEPGANXX,1,CGGCTATG~CAGGACGT,13-1996_1,CCEPGANXX_1_CGGCTATG~CAGGACGT
keldred1_GWAS,CCEPGANXX,1,TAATGCGC~GTACTGAC,12-1554_1,CCEPGANXX_1_TAATGCGC~GTACTGAC
keldred1_GWAS,CCEPGANXX,1,TCTCGCGC~AGGCGAAG,12-0628_1,CCEPGANXX_1_TCTCGCGC~AGGCGAAG
keldred1_GWAS,CCEPGANXX,1,GAGATTCC~CCTATCCT,12-1238_1,CCEPGANXX_1_GAGATTCC~CCTATCCT
keldred1_GWAS,CCEPGANXX,1,ATTCAGAA~CAGGACGT,12-1122_1,CCEPGANXX_1_ATTCAGAA~CAGGACGT
keldred1_GWAS,CCEPGANXX,1,CGCTCATT~TATAGCCT,12-1034_1,CCEPGANXX_1_CGCTCATT~TATAGCCT
keldred1_GWAS,CCEPGANXX,1,ATTCAGAA~CCTATCCT,13-1999_1,CCEPGANXX_1_ATTCAGAA~CCTATCCT
keldred1_GWAS,CCEPGANXX,1,TAATGCGC~CAGGACGT,12-1552_1,CCEPGANXX_1_TAATGCGC~CAGGACGT
keldred1_GWAS,CCEPGANXX,1,TCCGCGAA~AGGCGAAG,12-0663_1,CCEPGANXX_1_TCCGCGAA~AGGCGAAG
keldred1_GWAS,CCEPGANXX,1,GAGATTCC~CAGGACGT,12-0479_1,CCEPGANXX_1_GAGATTCC~CAGGACGT
keldred1_GWAS,CCEPGANXX,1,TAATGCGC~GGCTCTGA,11-0253_1,CCEPGANXX_1_TAATGCGC~GGCTCTGA
keldred1_GWAS,CCEPGANXX,1,GAGATTCC~ATAGAGGC,12-1250_1,CCEPGANXX_1_GAGATTCC~ATAGAGGC
keldred1_GWAS,CCEPGANXX,1,TCTCGCGC~CCTATCCT,11-0257_1,CCEPGANXX_1_TCTCGCGC~CCTATCCT
keldred1_GWAS,CCEPGANXX,1,CTGAAGCT~AGGCGAAG,12-1173_1,CCEPGANXX_1_CTGAAGCT~AGGCGAAG
keldred1_GWAS,CCEPGANXX,1,TAATGCGC~CCTATCCT,12-1064_1,CCEPGANXX_1_TAATGCGC~CCTATCCT
keldred1_GWAS,CCEPGANXX,1,GAATTCGT~CCTATCCT,12-1876_1,CCEPGANXX_1_GAATTCGT~CCTATCCT
keldred1_GWAS,CCEPGANXX,1,AGCGATAG~ATAGAGGC,13-2010_1,CCEPGANXX_1_AGCGATAG~ATAGAGGC
keldred1_GWAS,CCEPGANXX,1,CGGCTATG~TAATCTTA,13-2100_1,CCEPGANXX_1_CGGCTATG~TAATCTTA
keldred1_GWAS,CCEPGANXX,1,GAGATTCC~AGGCGAAG,12-1755_1,CCEPGANXX_1_GAGATTCC~AGGCGAAG
keldred1_GWAS,CCEPGANXX,1,GAGATTCC~GGCTCTGA,12-1002_1,CCEPGANXX_1_GAGATTCC~GGCTCTGA
keldred1_GWAS,CCEPGANXX,1,GAATTCGT~GGCTCTGA,12-0946_1,CCEPGANXX_1_GAATTCGT~GGCTCTGA
keldred1_GWAS,CCEPGANXX,1,CTGAAGCT~GGCTCTGA,12-1877_1,CCEPGANXX_1_CTGAAGCT~GGCTCTGA
keldred1_GWAS,CCEPGANXX,1,TCCGGAGA~AGGCGAAG,12-0358_1,CCEPGANXX_1_TCCGGAGA~AGGCGAAG
keldred1_GWAS,CCEPGANXX,1,TCCGGAGA~CCTATCCT,12-1596_1,CCEPGANXX_1_TCCGGAGA~CCTATCCT
keldred1_GWAS,CCEPGANXX,1,ATTACTCG~CAGGACGT,12-0458_1,CCEPGANXX_1_ATTACTCG~CAGGACGT
keldred1_GWAS,CCEPGANXX,1,AGCGATAG~TATAGCCT,11-0296_1,CCEPGANXX_1_AGCGATAG~TATAGCCT
keldred1_GWAS,CCEPGANXX,1,GAATTCGT~ATAGAGGC,13-2002_1,CCEPGANXX_1_GAATTCGT~ATAGAGGC
keldred1_GWAS,CCEPGANXX,1,CTGAAGCT~GTACTGAC,12-0329_1,CCEPGANXX_1_CTGAAGCT~GTACTGAC
keldred1_GWAS,CCEPGANXX,1,TAATGCGC~TAATCTTA,12-1386_1,CCEPGANXX_1_TAATGCGC~TAATCTTA
keldred1_GWAS,CCEPGANXX,1,TAATGCGC~ATAGAGGC,11-0295_1,CCEPGANXX_1_TAATGCGC~ATAGAGGC
keldred1_GWAS,CCEPGANXX,1,TAATGCGC~AGGCGAAG,12-0948_1,CCEPGANXX_1_TAATGCGC~AGGCGAAG
keldred1_GWAS,CCEPGANXX,1,AGCGATAG~CCTATCCT,13-1891_1,CCEPGANXX_1_AGCGATAG~CCTATCCT
keldred1_GWAS,CCEPGANXX,1,TCTCGCGC~TATAGCCT,12-1213_1,CCEPGANXX_1_TCTCGCGC~TATAGCCT
keldred1_GWAS,CCEPGANXX,1,AGCGATAG~TAATCTTA,12-1648_1,CCEPGANXX_1_AGCGATAG~TAATCTTA
keldred1_GWAS,CCEPGANXX,1,TCTCGCGC~TAATCTTA,12-1500_1,CCEPGANXX_1_TCTCGCGC~TAATCTTA
keldred1_GWAS,CCEPGANXX,1,CGGCTATG~ATAGAGGC,13-1922_1,CCEPGANXX_1_CGGCTATG~ATAGAGGC
keldred1_GWAS,CCEPGANXX,1,CTGAAGCT~CCTATCCT,12-0451_1,CCEPGANXX_1_CTGAAGCT~CCTATCCT
keldred1_GWAS,CCEPGANXX,1,CGCTCATT~GGCTCTGA,12-1504_1,CCEPGANXX_1_CGCTCATT~GGCTCTGA
keldred1_GWAS,CCEPGANXX,1,ATTACTCG~AGGCGAAG,12-1020_1,CCEPGANXX_1_ATTACTCG~AGGCGAAG
keldred1_GWAS,CCEPGANXX,1,ATTCAGAA~GTACTGAC,13-1979_1,CCEPGANXX_1_ATTCAGAA~GTACTGAC
keldred1_GWAS,CCEPGANXX,1,TCCGGAGA~ATAGAGGC,12-0583_1,CCEPGANXX_1_TCCGGAGA~ATAGAGGC
keldred1_GWAS,CCEPGANXX,1,TCTCGCGC~GGCTCTGA,12-1421_1,CCEPGANXX_1_TCTCGCGC~GGCTCTGA
keldred1_GWAS,CCEPGANXX,1,CTGAAGCT~TAATCTTA,12-1193_1,CCEPGANXX_1_CTGAAGCT~TAATCTTA
keldred1_GWAS,CCEPGANXX,1,ATTCAGAA~TATAGCCT,13-1910_1,CCEPGANXX_1_ATTCAGAA~TATAGCCT
keldred1_GWAS,CCEPGANXX,1,GAGATTCC~GTACTGAC,12-1156_1,CCEPGANXX_1_GAGATTCC~GTACTGAC
keldred1_GWAS,CCEPGANXX,1,CGCTCATT~GTACTGAC,12-0629_1,CCEPGANXX_1_CGCTCATT~GTACTGAC
keldred1_GWAS,CCEPGANXX,1,ATTACTCG~CCTATCCT,12-1076_1,CCEPGANXX_1_ATTACTCG~CCTATCCT
keldred1_GWAS,CCEPGANXX,1,CGGCTATG~GTACTGAC,13-2081_1,CCEPGANXX_1_CGGCTATG~GTACTGAC
keldred1_GWAS,CCEPGANXX,1,TCCGCGAA~TATAGCCT,11-0232_1,CCEPGANXX_1_TCCGCGAA~TATAGCCT
keldred1_GWAS,CCEPGANXX,1,TCCGCGAA~ATAGAGGC,12-1154_1,CCEPGANXX_1_TCCGCGAA~ATAGAGGC
keldred1_GWAS,CCEPGANXX,1,ATTCAGAA~GGCTCTGA,12-0323_1,CCEPGANXX_1_ATTCAGAA~GGCTCTGA
keldred1_GWAS,CCEPGANXX,1,ATTACTCG~TAATCTTA,12-1779_1,CCEPGANXX_1_ATTACTCG~TAATCTTA
keldred1_GWAS,CCEPGANXX,1,TCCGCGAA~TAATCTTA,12-1031_1,CCEPGANXX_1_TCCGCGAA~TAATCTTA
keldred1_GWAS,CCEPGANXX,1,GAATTCGT~TAATCTTA,12-1071_1,CCEPGANXX_1_GAATTCGT~TAATCTTA
keldred1_GWAS,CCEPGANXX,1,ATTACTCG~GTACTGAC,12-1139_1,CCEPGANXX_1_ATTACTCG~GTACTGAC
keldred1_GWAS,CCEPGANXX,1,TCCGCGAA~CCTATCCT,11-0274_1,CCEPGANXX_1_TCCGCGAA~CCTATCCT
keldred1_GWAS,CCEPGANXX,1,ATTCAGAA~TAATCTTA,11-0280_1,CCEPGANXX_1_ATTCAGAA~TAATCTTA
keldred1_GWAS,CCEPGANXX,1,AGCGATAG~CAGGACGT,13-2003_1,CCEPGANXX_1_AGCGATAG~CAGGACGT
keldred1_GWAS,CCEPGANXX,1,CGGCTATG~AGGCGAAG,12-1051_1,CCEPGANXX_1_CGGCTATG~AGGCGAAG
keldred1_GWAS,CCEPGANXX,1,TCCGCGAA~GGCTCTGA,13-2052_1,CCEPGANXX_1_TCCGCGAA~GGCTCTGA
keldred1_GWAS,CCEPGANXX,1,CGCTCATT~CCTATCCT,12-0884_1,CCEPGANXX_1_CGCTCATT~CCTATCCT
keldred1_GWAS,CCEPGANXX,1,ATTACTCG~GGCTCTGA,12-0783_1,CCEPGANXX_1_ATTACTCG~GGCTCTGA
keldred1_GWAS,CCEPGANXX,1,TCCGGAGA~GTACTGAC,12-1480_1,CCEPGANXX_1_TCCGGAGA~GTACTGAC
keldred1_GWAS,CCEPGANXX,1,CTGAAGCT~ATAGAGGC,12-0639_1,CCEPGANXX_1_CTGAAGCT~ATAGAGGC
keldred1_GWAS,CCEPGANXX,1,ATTACTCG~ATAGAGGC,12-0773_1,CCEPGANXX_1_ATTACTCG~ATAGAGGC
keldred1_GWAS,CCEPGANXX,1,GAATTCGT~AGGCGAAG,12-0861_1,CCEPGANXX_1_GAATTCGT~AGGCGAAG
keldred1_GWAS,CCEPGANXX,1,AGCGATAG~GTACTGAC,12-0943_1,CCEPGANXX_1_AGCGATAG~GTACTGAC
keldred1_GWAS,CCEPGANXX,1,TCCGGAGA~TATAGCCT,12-0897_1,CCEPGANXX_1_TCCGGAGA~TATAGCCT
keldred1_GWAS,CCEPGANXX,1,CGGCTATG~TATAGCCT,12-1159_1,CCEPGANXX_1_CGGCTATG~TATAGCCT
keldred1_GWAS,CCEPGANXX,1,CGCTCATT~ATAGAGGC,12-1482_1,CCEPGANXX_1_CGCTCATT~ATAGAGGC
keldred1_GWAS,CCEPGANXX,1,CGGCTATG~GGCTCTGA,12-1021_1,CCEPGANXX_1_CGGCTATG~GGCTCTGA
keldred1_GWAS,CCEPGANXX,1,GAGATTCC~TATAGCCT,12-1446_1,CCEPGANXX_1_GAGATTCC~TATAGCCT
keldred1_GWAS,CCEPGANXX,1,TCTCGCGC~GTACTGAC,12-1641_1,CCEPGANXX_1_TCTCGCGC~GTACTGAC
keldred1_GWAS,CCEPGANXX,1,TCTCGCGC~ATAGAGGC,13-2039_1,CCEPGANXX_1_TCTCGCGC~ATAGAGGC
keldred1_GWAS,CCEPGANXX,1,ATTACTCG~TATAGCCT,12-1023_1,CCEPGANXX_1_ATTACTCG~TATAGCCT
keldred1_GWAS,CCEPGANXX,1,GAATTCGT~TATAGCCT,12-1276_1,CCEPGANXX_1_GAATTCGT~TATAGCCT
keldred1_GWAS,CCEPGANXX,1,TCTCGCGC~CAGGACGT,12-0848_1,CCEPGANXX_1_TCTCGCGC~CAGGACGT
keldred1_GWAS,CCEPGANXX,1,CGGCTATG~CCTATCCT,12-0335_1,CCEPGANXX_1_CGGCTATG~CCTATCCT
keldred1_GWAS,CCEPGANXX,1,CGCTCATT~AGGCGAAG,13-2007_1,CCEPGANXX_1_CGCTCATT~AGGCGAAG
keldred1_GWAS,CCEPGANXX,2,ATTCAGAA~CAGGACGT,12-1160_2,CCEPGANXX_2_ATTCAGAA~CAGGACGT
keldred1_GWAS,CCEPGANXX,2,AGCGATAG~AGGCGAAG,11-0263_2,CCEPGANXX_2_AGCGATAG~AGGCGAAG
keldred1_GWAS,CCEPGANXX,2,TAATGCGC~ATAGAGGC,13-1970_2,CCEPGANXX_2_TAATGCGC~ATAGAGGC
keldred1_GWAS,CCEPGANXX,2,CGGCTATG~GTACTGAC,12-0686_2,CCEPGANXX_2_CGGCTATG~GTACTGAC
keldred1_GWAS,CCEPGANXX,2,ATTCAGAA~AGGCGAAG,12-1460_2,CCEPGANXX_2_ATTCAGAA~AGGCGAAG
keldred1_GWAS,CCEPGANXX,2,GAGATTCC~TAATCTTA,12-0784_2,CCEPGANXX_2_GAGATTCC~TAATCTTA
keldred1_GWAS,CCEPGANXX,2,TCCGCGAA~GGCTCTGA,11-0228_2,CCEPGANXX_2_TCCGCGAA~GGCTCTGA
keldred1_GWAS,CCEPGANXX,2,CTGAAGCT~AGGCGAAG,12-1150_2,CCEPGANXX_2_CTGAAGCT~AGGCGAAG
keldred1_GWAS,CCEPGANXX,2,CGCTCATT~GGCTCTGA,13-1921_2,CCEPGANXX_2_CGCTCATT~GGCTCTGA
keldred1_GWAS,CCEPGANXX,2,ATTCAGAA~CCTATCCT,12-0636_2,CCEPGANXX_2_ATTCAGAA~CCTATCCT
keldred1_GWAS,CCEPGANXX,2,TAATGCGC~CAGGACGT,12-0609_2,CCEPGANXX_2_TAATGCGC~CAGGACGT
keldred1_GWAS,CCEPGANXX,2,TCCGGAGA~CAGGACGT,12-1345_2,CCEPGANXX_2_TCCGGAGA~CAGGACGT
keldred1_GWAS,CCEPGANXX,2,TCCGGAGA~GTACTGAC,12-1324_2,CCEPGANXX_2_TCCGGAGA~GTACTGAC
keldred1_GWAS,CCEPGANXX,2,CGCTCATT~CAGGACGT,12-1759_2,CCEPGANXX_2_CGCTCATT~CAGGACGT
keldred1_GWAS,CCEPGANXX,2,TAATGCGC~GGCTCTGA,12-0850_2,CCEPGANXX_2_TAATGCGC~GGCTCTGA
keldred1_GWAS,CCEPGANXX,2,CTGAAGCT~CCTATCCT,12-1432_2,CCEPGANXX_2_CTGAAGCT~CCTATCCT
keldred1_GWAS,CCEPGANXX,2,TCCGCGAA~CAGGACGT,12-1383_2,CCEPGANXX_2_TCCGCGAA~CAGGACGT
keldred1_GWAS,CCEPGANXX,2,TCTCGCGC~AGGCGAAG,12-1177_2,CCEPGANXX_2_TCTCGCGC~AGGCGAAG
keldred1_GWAS,CCEPGANXX,2,TCTCGCGC~GGCTCTGA,12-1388_2,CCEPGANXX_2_TCTCGCGC~GGCTCTGA
keldred1_GWAS,CCEPGANXX,2,GAGATTCC~CAGGACGT,12-1481_2,CCEPGANXX_2_GAGATTCC~CAGGACGT
keldred1_GWAS,CCEPGANXX,2,TCTCGCGC~CCTATCCT,12-0902_2,CCEPGANXX_2_TCTCGCGC~CCTATCCT
keldred1_GWAS,CCEPGANXX,2,GAATTCGT~CAGGACGT,13-1919_2,CCEPGANXX_2_GAATTCGT~CAGGACGT
keldred1_GWAS,CCEPGANXX,2,CGCTCATT~ATAGAGGC,13-1969_2,CCEPGANXX_2_CGCTCATT~ATAGAGGC
keldred1_GWAS,CCEPGANXX,2,GAGATTCC~GGCTCTGA,12-1024_2,CCEPGANXX_2_GAGATTCC~GGCTCTGA
keldred1_GWAS,CCEPGANXX,2,GAATTCGT~TATAGCCT,12-0584_2,CCEPGANXX_2_GAATTCGT~TATAGCCT
keldred1_GWAS,CCEPGANXX,2,GAGATTCC~ATAGAGGC,12-1575_2,CCEPGANXX_2_GAGATTCC~ATAGAGGC
keldred1_GWAS,CCEPGANXX,2,TCCGGAGA~GGCTCTGA,12-1131_2,CCEPGANXX_2_TCCGGAGA~GGCTCTGA
keldred1_GWAS,CCEPGANXX,2,ATTACTCG~ATAGAGGC,12-0979_2,CCEPGANXX_2_ATTACTCG~ATAGAGGC
keldred1_GWAS,CCEPGANXX,2,AGCGATAG~TAATCTTA,12-1773_2,CCEPGANXX_2_AGCGATAG~TAATCTTA
keldred1_GWAS,CCEPGANXX,2,CGGCTATG~GGCTCTGA,11-0308_2,CCEPGANXX_2_CGGCTATG~GGCTCTGA
keldred1_GWAS,CCEPGANXX,2,TCCGCGAA~TAATCTTA,12-1620_2,CCEPGANXX_2_TCCGCGAA~TAATCTTA
keldred1_GWAS,CCEPGANXX,2,AGCGATAG~GTACTGAC,12-0483_2,CCEPGANXX_2_AGCGATAG~GTACTGAC
keldred1_GWAS,CCEPGANXX,2,TCTCGCGC~GTACTGAC,12-1459_2,CCEPGANXX_2_TCTCGCGC~GTACTGAC
keldred1_GWAS,CCEPGANXX,2,CGGCTATG~ATAGAGGC,13-1911_2,CCEPGANXX_2_CGGCTATG~ATAGAGGC
keldred1_GWAS,CCEPGANXX,2,TCTCGCGC~TATAGCCT,11-0298_2,CCEPGANXX_2_TCTCGCGC~TATAGCCT
keldred1_GWAS,CCEPGANXX,2,ATTACTCG~CCTATCCT,11-0224_2,CCEPGANXX_2_ATTACTCG~CCTATCCT
keldred1_GWAS,CCEPGANXX,2,ATTACTCG~GTACTGAC,12-0811_2,CCEPGANXX_2_ATTACTCG~GTACTGAC
keldred1_GWAS,CCEPGANXX,2,CTGAAGCT~TATAGCCT,12-0900_2,CCEPGANXX_2_CTGAAGCT~TATAGCCT
keldred1_GWAS,CCEPGANXX,2,GAATTCGT~ATAGAGGC,12-1688_2,CCEPGANXX_2_GAATTCGT~ATAGAGGC
keldred1_GWAS,CCEPGANXX,2,TAATGCGC~TAATCTTA,12-1239_2,CCEPGANXX_2_TAATGCGC~TAATCTTA
keldred1_GWAS,CCEPGANXX,2,TAATGCGC~AGGCGAAG,12-0648_2,CCEPGANXX_2_TAATGCGC~AGGCGAAG
keldred1_GWAS,CCEPGANXX,2,GAGATTCC~CCTATCCT,13-1913_2,CCEPGANXX_2_GAGATTCC~CCTATCCT
keldred1_GWAS,CCEPGANXX,2,TCCGCGAA~GTACTGAC,12-0947_2,CCEPGANXX_2_TCCGCGAA~GTACTGAC
keldred1_GWAS,CCEPGANXX,2,AGCGATAG~CAGGACGT,12-1214_2,CCEPGANXX_2_AGCGATAG~CAGGACGT
keldred1_GWAS,CCEPGANXX,2,ATTACTCG~CAGGACGT,12-1057_2,CCEPGANXX_2_ATTACTCG~CAGGACGT
keldred1_GWAS,CCEPGANXX,2,TCCGGAGA~ATAGAGGC,12-1691_2,CCEPGANXX_2_TCCGGAGA~ATAGAGGC
keldred1_GWAS,CCEPGANXX,2,TCTCGCGC~TAATCTTA,12-0333_2,CCEPGANXX_2_TCTCGCGC~TAATCTTA
keldred1_GWAS,CCEPGANXX,2,CGCTCATT~AGGCGAAG,12-0774_2,CCEPGANXX_2_CGCTCATT~AGGCGAAG
keldred1_GWAS,CCEPGANXX,2,CTGAAGCT~CAGGACGT,12-0951_2,CCEPGANXX_2_CTGAAGCT~CAGGACGT
keldred1_GWAS,CCEPGANXX,2,ATTACTCG~TAATCTTA,13-1980_2,CCEPGANXX_2_ATTACTCG~TAATCTTA
keldred1_GWAS,CCEPGANXX,2,CTGAAGCT~ATAGAGGC,12-0859_2,CCEPGANXX_2_CTGAAGCT~ATAGAGGC
keldred1_GWAS,CCEPGANXX,2,GAGATTCC~AGGCGAAG,12-0326_2,CCEPGANXX_2_GAGATTCC~AGGCGAAG
keldred1_GWAS,CCEPGANXX,2,ATTCAGAA~TATAGCCT,12-1240_2,CCEPGANXX_2_ATTCAGAA~TATAGCCT
keldred1_GWAS,CCEPGANXX,2,GAATTCGT~CCTATCCT,11-0221_2,CCEPGANXX_2_GAATTCGT~CCTATCCT
keldred1_GWAS,CCEPGANXX,2,GAGATTCC~GTACTGAC,12-1174_2,CCEPGANXX_2_GAGATTCC~GTACTGAC
keldred1_GWAS,CCEPGANXX,2,GAATTCGT~GTACTGAC,13-1889_2,CCEPGANXX_2_GAATTCGT~GTACTGAC
keldred1_GWAS,CCEPGANXX,2,ATTACTCG~AGGCGAAG,12-1754_2,CCEPGANXX_2_ATTACTCG~AGGCGAAG
keldred1_GWAS,CCEPGANXX,2,TCTCGCGC~CAGGACGT,11-0309_2,CCEPGANXX_2_TCTCGCGC~CAGGACGT
keldred1_GWAS,CCEPGANXX,2,CGGCTATG~CCTATCCT,11-0264_2,CCEPGANXX_2_CGGCTATG~CCTATCCT
keldred1_GWAS,CCEPGANXX,2,ATTACTCG~TATAGCCT,12-1875_2,CCEPGANXX_2_ATTACTCG~TATAGCCT
keldred1_GWAS,CCEPGANXX,2,TAATGCGC~CCTATCCT,12-0627_2,CCEPGANXX_2_TAATGCGC~CCTATCCT
keldred1_GWAS,CCEPGANXX,2,ATTACTCG~GGCTCTGA,13-1915_2,CCEPGANXX_2_ATTACTCG~GGCTCTGA
keldred1_GWAS,CCEPGANXX,2,ATTCAGAA~TAATCTTA,12-1582_2,CCEPGANXX_2_ATTCAGAA~TAATCTTA
keldred1_GWAS,CCEPGANXX,2,TCCGGAGA~TATAGCCT,12-0337_2,CCEPGANXX_2_TCCGGAGA~TATAGCCT
keldred1_GWAS,CCEPGANXX,2,GAATTCGT~GGCTCTGA,12-1711_2,CCEPGANXX_2_GAATTCGT~GGCTCTGA
keldred1_GWAS,CCEPGANXX,2,TCCGCGAA~AGGCGAAG,13-1971_2,CCEPGANXX_2_TCCGCGAA~AGGCGAAG
keldred1_GWAS,CCEPGANXX,2,TCTCGCGC~ATAGAGGC,13-1925_2,CCEPGANXX_2_TCTCGCGC~ATAGAGGC
keldred1_GWAS,CCEPGANXX,2,CTGAAGCT~TAATCTTA,12-0680_2,CCEPGANXX_2_CTGAAGCT~TAATCTTA
keldred1_GWAS,CCEPGANXX,2,ATTCAGAA~GGCTCTGA,12-0755_2,CCEPGANXX_2_ATTCAGAA~GGCTCTGA
keldred1_GWAS,CCEPGANXX,2,TCCGGAGA~AGGCGAAG,12-1108_2,CCEPGANXX_2_TCCGGAGA~AGGCGAAG
keldred1_GWAS,CCEPGANXX,2,CGGCTATG~TATAGCCT,12-1701_2,CCEPGANXX_2_CGGCTATG~TATAGCCT
keldred1_GWAS,CCEPGANXX,2,AGCGATAG~ATAGAGGC,12-1871_2,CCEPGANXX_2_AGCGATAG~ATAGAGGC
keldred1_GWAS,CCEPGANXX,2,CGGCTATG~CAGGACGT,12-1547_2,CCEPGANXX_2_CGGCTATG~CAGGACGT
keldred1_GWAS,CCEPGANXX,2,GAATTCGT~TAATCTTA,12-0334_2,CCEPGANXX_2_GAATTCGT~TAATCTTA
keldred1_GWAS,CCEPGANXX,2,TAATGCGC~TATAGCCT,12-0777_2,CCEPGANXX_2_TAATGCGC~TATAGCCT
keldred1_GWAS,CCEPGANXX,2,GAATTCGT~AGGCGAAG,12-1358_2,CCEPGANXX_2_GAATTCGT~AGGCGAAG
keldred1_GWAS,CCEPGANXX,2,TCCGGAG~TAATCTTA,12-1367_2,CCEPGANXX_2_TCCGGAG~TAATCTTA
keldred1_GWAS,CCEPGANXX,2,TAATGCGC~GTACTGAC,12-1581_2,CCEPGANXX_2_TAATGCGC~GTACTGAC
keldred1_GWAS,CCEPGANXX,2,TCCGCGAA~ATAGAGGC,12-1256_2,CCEPGANXX_2_TCCGCGAA~ATAGAGGC
keldred1_GWAS,CCEPGANXX,2,TCCGCGAA~TATAGCCT,13-2115_2,CCEPGANXX_2_TCCGCGAA~TATAGCCT
keldred1_GWAS,CCEPGANXX,2,CTGAAGCT~GGCTCTGA,12-1280_2,CCEPGANXX_2_CTGAAGCT~GGCTCTGA
keldred1_GWAS,CCEPGANXX,2,TCCGGAGA~CCTATCCT,12-0781_2,CCEPGANXX_2_TCCGGAGA~CCTATCCT
keldred1_GWAS,CCEPGANXX,2,ATTCAGAA~ATAGAGGC,12-1758_2,CCEPGANXX_2_ATTCAGAA~ATAGAGGC
keldred1_GWAS,CCEPGANXX,2,CGCTCATT~CCTATCCT,12-0682_2,CCEPGANXX_2_CGCTCATT~CCTATCCT
keldred1_GWAS,CCEPGANXX,2,CGGCTATG~AGGCGAAG,12-0803_2,CCEPGANXX_2_CGGCTATG~AGGCGAAG
keldred1_GWAS,CCEPGANXX,2,TCCGCGAA~CCTATCCT,12-1594_2,CCEPGANXX_2_TCCGCGAA~CCTATCCT
keldred1_GWAS,CCEPGANXX,2,AGCGATAG~TATAGCCT,12-1012_2,CCEPGANXX_2_AGCGATAG~TATAGCCT
keldred1_GWAS,CCEPGANXX,2,CGCTCATT~TAATCTTA,12-1105_2,CCEPGANXX_2_CGCTCATT~TAATCTTA
keldred1_GWAS,CCEPGANXX,2,CGGCTATG~TAATCTTA,11-0312_2,CCEPGANXX_2_CGGCTATG~TAATCTTA
keldred1_GWAS,CCEPGANXX,2,AGCGATAG~CCTATCCT,13-1972_2,CCEPGANXX_2_AGCGATAG~CCTATCCT
keldred1_GWAS,CCEPGANXX,2,CTGAAGCT~GTACTGAC,12-1655_2,CCEPGANXX_2_CTGAAGCT~GTACTGAC
keldred1_GWAS,CCEPGANXX,2,CGCTCATT~GTACTGAC,12-1194_2,CCEPGANXX_2_CGCTCATT~GTACTGAC
keldred1_GWAS,CCEPGANXX,3,TAATGCGC~GTACTGAC,12-0508_3,CCEPGANXX_3_TAATGCGC~GTACTGAC
keldred1_GWAS,CCEPGANXX,3,TAATGCGC~AGGCGAAG,12-0433_3,CCEPGANXX_3_TAATGCGC~AGGCGAAG
keldred1_GWAS,CCEPGANXX,3,ATTCAGAA~TATAGCCT,12-0737_3,CCEPGANXX_3_ATTCAGAA~TATAGCCT
keldred1_GWAS,CCEPGANXX,3,TAATGCGC~GGCTCTGA,12-1434_3,CCEPGANXX_3_TAATGCGC~GGCTCTGA
keldred1_GWAS,CCEPGANXX,3,TCCGGAGA~GTACTGAC,12-1049_3,CCEPGANXX_3_TCCGGAGA~GTACTGAC
keldred1_GWAS,CCEPGANXX,3,TCCGCGAA~GTACTGAC,12-0904_3,CCEPGANXX_3_TCCGCGAA~GTACTGAC
keldred1_GWAS,CCEPGANXX,3,TCCGCGAA~TAATCTTA,12-0858_3,CCEPGANXX_3_TCCGCGAA~TAATCTTA
keldred1_GWAS,CCEPGANXX,3,CTGAAGCT~TATAGCCT,12-0780_3,CCEPGANXX_3_CTGAAGCT~TATAGCCT
keldred1_GWAS,CCEPGANXX,3,AGCGATAG~GTACTGAC,12-1464_3,CCEPGANXX_3_AGCGATAG~GTACTGAC
keldred1_GWAS,CCEPGANXX,3,GAATTCGT~GGCTCTGA,11-0211_3,CCEPGANXX_3_GAATTCGT~GGCTCTGA
keldred1_GWAS,CCEPGANXX,3,TCCGGAGA~GGCTCTGA,12-1016_3,CCEPGANXX_3_TCCGGAGA~GGCTCTGA
keldred1_GWAS,CCEPGANXX,3,CTGAAGCT~CAGGACGT,12-0322_3,CCEPGANXX_3_CTGAAGCT~CAGGACGT
keldred1_GWAS,CCEPGANXX,3,TCCGCGAA~AGGCGAAG,12-0611_3,CCEPGANXX_3_TCCGCGAA~AGGCGAAG
keldred1_GWAS,CCEPGANXX,3,TCTCGCGC~TATAGCCT,12-0802_3,CCEPGANXX_3_TCTCGCGC~TATAGCCT
keldred1_GWAS,CCEPGANXX,3,CTGAAGCT~TAATCTTA,12-1242_3,CCEPGANXX_3_CTGAAGCT~TAATCTTA
keldred1_GWAS,CCEPGANXX,3,CTGAAGCT~GGCTCTGA,12-1778_3,CCEPGANXX_3_CTGAAGCT~GGCTCTGA
keldred1_GWAS,CCEPGANXX,3,TCTCGCGC~GTACTGAC,13-2091_3,CCEPGANXX_3_TCTCGCGC~GTACTGAC
keldred1_GWAS,CCEPGANXX,3,CGCTCATT~TATAGCCT,12-0687_3,CCEPGANXX_3_CGCTCATT~TATAGCCT
keldred1_GWAS,CCEPGANXX,3,CGGCTATG~GGCTCTGA,11-0262_3,CCEPGANXX_3_CGGCTATG~GGCTCTGA
keldred1_GWAS,CCEPGANXX,3,AGCGATAG~ATAGAGGC,12-1022_3,CCEPGANXX_3_AGCGATAG~ATAGAGGC
keldred1_GWAS,CCEPGANXX,3,ATTACTCG~TATAGCCT,12-0316_3,CCEPGANXX_3_ATTACTCG~TATAGCCT
keldred1_GWAS,CCEPGANXX,3,GAGATTCC~TAATCTTA,13-2015_3,CCEPGANXX_3_GAGATTCC~TAATCTTA
keldred1_GWAS,CCEPGANXX,3,TCCGCGAA~CAGGACGT,12-0766_3,CCEPGANXX_3_TCCGCGAA~CAGGACGT
keldred1_GWAS,CCEPGANXX,3,ATTCAGAA~CCTATCCT,12-1017_3,CCEPGANXX_3_ATTCAGAA~CCTATCCT
keldred1_GWAS,CCEPGANXX,3,CGCTCATT~CAGGACGT,12-0671_3,CCEPGANXX_3_CGCTCATT~CAGGACGT
keldred1_GWAS,CCEPGANXX,3,ATTCAGAA~TAATCTTA,13-1994_3,CCEPGANXX_3_ATTCAGAA~TAATCTTA
keldred1_GWAS,CCEPGANXX,3,TAATGCGC~ATAGAGGC,12-1217_3,CCEPGANXX_3_TAATGCGC~ATAGAGGC
keldred1_GWAS,CCEPGANXX,3,TCCGGAGA~ATAGAGGC,12-1061_3,CCEPGANXX_3_TCCGGAGA~ATAGAGGC
keldred1_GWAS,CCEPGANXX,3,GAATTCGT~GTACTGAC,13-1983_3,CCEPGANXX_3_GAATTCGT~GTACTGAC
keldred1_GWAS,CCEPGANXX,3,TCTCGCGC~CAGGACGT,12-0372_3,CCEPGANXX_3_TCTCGCGC~CAGGACGT
keldred1_GWAS,CCEPGANXX,3,GAATTCGT~AGGCGAAG,12-1035_3,CCEPGANXX_3_GAATTCGT~AGGCGAAG
keldred1_GWAS,CCEPGANXX,3,TCCGCGAA~ATAGAGGC,11-0273_3,CCEPGANXX_3_TCCGCGAA~ATAGAGGC
keldred1_GWAS,CCEPGANXX,3,AGCGATAG~TATAGCCT,11-0305_3,CCEPGANXX_3_AGCGATAG~TATAGCCT
keldred1_GWAS,CCEPGANXX,3,CTGAAGCT~ATAGAGGC,12-1104_3,CCEPGANXX_3_CTGAAGCT~ATAGAGGC
keldred1_GWAS,CCEPGANXX,3,CGGCTATG~TAATCTTA,12-0756_3,CCEPGANXX_3_CGGCTATG~TAATCTTA
keldred1_GWAS,CCEPGANXX,3,TAATGCGC~TATAGCCT,12-0983_3,CCEPGANXX_3_TAATGCGC~TATAGCCT
keldred1_GWAS,CCEPGANXX,3,CTGAAGCT~GTACTGAC,12-0736_3,CCEPGANXX_3_CTGAAGCT~GTACTGAC
keldred1_GWAS,CCEPGANXX,3,GAGATTCC~ATAGAGGC,12-0912_3,CCEPGANXX_3_GAGATTCC~ATAGAGGC
keldred1_GWAS,CCEPGANXX,3,ATTACTCG~TAATCTTA,12-0542_3,CCEPGANXX_3_ATTACTCG~TAATCTTA
keldred1_GWAS,CCEPGANXX,3,AGCGATAG~CCTATCCT,11-0217_3,CCEPGANXX_3_AGCGATAG~CCTATCCT
keldred1_GWAS,CCEPGANXX,3,TCTCGCGC~ATAGAGGC,12-1204_3,CCEPGANXX_3_TCTCGCGC~ATAGAGGC
keldred1_GWAS,CCEPGANXX,3,CGCTCATT~TAATCTTA,13-1904_3,CCEPGANXX_3_CGCTCATT~TAATCTTA
keldred1_GWAS,CCEPGANXX,3,CTGAAGCT~CCTATCCT,12-1228_3,CCEPGANXX_3_CTGAAGCT~CCTATCCT
keldred1_GWAS,CCEPGANXX,3,GAATTCGT~TAATCTTA,12-1561_3,CCEPGANXX_3_GAATTCGT~TAATCTTA
keldred1_GWAS,CCEPGANXX,3,TCTCGCGC~TAATCTTA,11-0261_3,CCEPGANXX_3_TCTCGCGC~TAATCTTA
keldred1_GWAS,CCEPGANXX,3,TCTCGCGC~GGCTCTGA,12-1577_3,CCEPGANXX_3_TCTCGCGC~GGCTCTGA
keldred1_GWAS,CCEPGANXX,3,TCCGCGAA~GGCTCTGA,12-0594_3,CCEPGANXX_3_TCCGCGAA~GGCTCTGA
keldred1_GWAS,CCEPGANXX,3,TCCGGAGA~CAGGACGT,13-1932_3,CCEPGANXX_3_TCCGGAGA~CAGGACGT
keldred1_GWAS,CCEPGANXX,3,CGCTCATT~GTACTGAC,12-1682_3,CCEPGANXX_3_CGCTCATT~GTACTGAC
keldred1_GWAS,CCEPGANXX,3,TAATGCGC~CCTATCCT,11-0276_3,CCEPGANXX_3_TAATGCGC~CCTATCCT
keldred1_GWAS,CCEPGANXX,3,ATTACTCG~CAGGACGT,12-0644_3,CCEPGANXX_3_ATTACTCG~CAGGACGT
keldred1_GWAS,CCEPGANXX,3,CGCTCATT~CCTATCCT,12-0792_3,CCEPGANXX_3_CGCTCATT~CCTATCCT
keldred1_GWAS,CCEPGANXX,3,GAGATTCC~CCTATCCT,12-0915_3,CCEPGANXX_3_GAGATTCC~CCTATCCT
keldred1_GWAS,CCEPGANXX,3,ATTCAGAA~GTACTGAC,12-0748_3,CCEPGANXX_3_ATTCAGAA~GTACTGAC
keldred1_GWAS,CCEPGANXX,3,ATTCAGAA~AGGCGAAG,13-2001_3,CCEPGANXX_3_ATTCAGAA~AGGCGAAG
keldred1_GWAS,CCEPGANXX,3,CGGCTATG~CAGGACGT,13-1912_3,CCEPGANXX_3_CGGCTATG~CAGGACGT
keldred1_GWAS,CCEPGANXX,3,GAATTCGT~ATAGAGGC,11-0313_3,CCEPGANXX_3_GAATTCGT~ATAGAGGC
keldred1_GWAS,CCEPGANXX,3,TCCGGAG~TAATCTTA,12-0532_3,CCEPGANXX_3_TCCGGAG~TAATCTTA
keldred1_GWAS,CCEPGANXX,3,AGCGATAG~CAGGACGT,12-0367_3,CCEPGANXX_3_AGCGATAG~CAGGACGT
keldred1_GWAS,CCEPGANXX,3,ATTCAGAA~GGCTCTGA,12-1643_3,CCEPGANXX_3_ATTCAGAA~GGCTCTGA
keldred1_GWAS,CCEPGANXX,3,TCTCGCGC~CCTATCCT,12-0456_3,CCEPGANXX_3_TCTCGCGC~CCTATCCT
keldred1_GWAS,CCEPGANXX,3,TCCGGAGA~CCTATCCT,12-1567_3,CCEPGANXX_3_TCCGGAGA~CCTATCCT
keldred1_GWAS,CCEPGANXX,3,CGGCTATG~CCTATCCT,12-1687_3,CCEPGANXX_3_CGGCTATG~CCTATCCT
keldred1_GWAS,CCEPGANXX,3,AGCGATAG~TAATCTTA,12-0944_3,CCEPGANXX_3_AGCGATAG~TAATCTTA
keldred1_GWAS,CCEPGANXX,3,AGCGATAG~GGCTCTGA,12-0641_3,CCEPGANXX_3_AGCGATAG~GGCTCTGA
keldred1_GWAS,CCEPGANXX,3,ATTACTCG~ATAGAGGC,12-1443_3,CCEPGANXX_3_ATTACTCG~ATAGAGGC
keldred1_GWAS,CCEPGANXX,3,ATTACTCG~GTACTGAC,12-1000_3,CCEPGANXX_3_ATTACTCG~GTACTGAC
keldred1_GWAS,CCEPGANXX,3,CGCTCATT~GGCTCTGA,12-0932_3,CCEPGANXX_3_CGCTCATT~GGCTCTGA
keldred1_GWAS,CCEPGANXX,3,ATTCAGAA~CAGGACGT,12-1712_3,CCEPGANXX_3_ATTCAGAA~CAGGACGT
keldred1_GWAS,CCEPGANXX,3,CGGCTATG~AGGCGAAG,13-2073_3,CCEPGANXX_3_CGGCTATG~AGGCGAAG
keldred1_GWAS,CCEPGANXX,3,CGGCTATG~ATAGAGGC,12-1489_3,CCEPGANXX_3_CGGCTATG~ATAGAGGC
keldred1_GWAS,CCEPGANXX,3,ATTCAGAA~ATAGAGGC,12-1753_3,CCEPGANXX_3_ATTCAGAA~ATAGAGGC
keldred1_GWAS,CCEPGANXX,3,GAGATTCC~GTACTGAC,12-0632_3,CCEPGANXX_3_GAGATTCC~GTACTGAC
keldred1_GWAS,CCEPGANXX,3,GAATTCGT~CCTATCCT,12-1494_3,CCEPGANXX_3_GAATTCGT~CCTATCCT
keldred1_GWAS,CCEPGANXX,3,CGCTCATT~AGGCGAAG,13-1920_3,CCEPGANXX_3_CGCTCATT~AGGCGAAG
keldred1_GWAS,CCEPGANXX,3,TCCGGAGA~AGGCGAAG,12-1272_3,CCEPGANXX_3_TCCGGAGA~AGGCGAAG
keldred1_GWAS,CCEPGANXX,3,GAGATTCC~CAGGACGT,13-1896_3,CCEPGANXX_3_GAGATTCC~CAGGACGT
keldred1_GWAS,CCEPGANXX,3,TCCGGAGA~TATAGCCT,12-0778_3,CCEPGANXX_3_TCCGGAGA~TATAGCCT
keldred1_GWAS,CCEPGANXX,3,TCTCGCGC~AGGCGAAG,12-0468_3,CCEPGANXX_3_TCTCGCGC~AGGCGAAG
keldred1_GWAS,CCEPGANXX,3,TCCGCGAA~CCTATCCT,11-0241_3,CCEPGANXX_3_TCCGCGAA~CCTATCCT
keldred1_GWAS,CCEPGANXX,3,GAATTCGT~TATAGCCT,12-0481_3,CCEPGANXX_3_GAATTCGT~TATAGCCT
keldred1_GWAS,CCEPGANXX,3,TAATGCGC~TAATCTTA,12-1775_3,CCEPGANXX_3_TAATGCGC~TAATCTTA
keldred1_GWAS,CCEPGANXX,3,GAATTCGT~CAGGACGT,12-1132_3,CCEPGANXX_3_GAATTCGT~CAGGACGT
keldred1_GWAS,CCEPGANXX,3,GAGATTCC~GGCTCTGA,12-0747_3,CCEPGANXX_3_GAGATTCC~GGCTCTGA
keldred1_GWAS,CCEPGANXX,3,TAATGCGC~CAGGACGT,12-0812_3,CCEPGANXX_3_TAATGCGC~CAGGACGT
keldred1_GWAS,CCEPGANXX,3,ATTACTCG~GGCTCTGA,12-1543_3,CCEPGANXX_3_ATTACTCG~GGCTCTGA
keldred1_GWAS,CCEPGANXX,3,GAGATTCC~AGGCGAAG,13-1887_3,CCEPGANXX_3_GAGATTCC~AGGCGAAG
keldred1_GWAS,CCEPGANXX,3,CGCTCATT~ATAGAGGC,12-0573_3,CCEPGANXX_3_CGCTCATT~ATAGAGGC
keldred1_GWAS,CCEPGANXX,3,CTGAAGCT~AGGCGAAG,13-2113_3,CCEPGANXX_3_CTGAAGCT~AGGCGAAG
keldred1_GWAS,CCEPGANXX,3,AGCGATAG~AGGCGAAG,12-0357_3,CCEPGANXX_3_AGCGATAG~AGGCGAAG
keldred1_GWAS,CCEPGANXX,3,CGGCTATG~GTACTGAC,12-1498_3,CCEPGANXX_3_CGGCTATG~GTACTGAC
keldred1_GWAS,CCEPGANXX,4,AGCGATAG~GTACTGAC,12-0634_4,CCEPGANXX_4_AGCGATAG~GTACTGAC
keldred1_GWAS,CCEPGANXX,4,CTGAAGCT~GGCTCTGA,12-1472_4,CCEPGANXX_4_CTGAAGCT~GGCTCTGA
keldred1_GWAS,CCEPGANXX,4,TCTCGCGC~ATAGAGGC,12-0325_4,CCEPGANXX_4_TCTCGCGC~ATAGAGGC
keldred1_GWAS,CCEPGANXX,4,CTGAAGCT~TATAGCCT,12-0952_4,CCEPGANXX_4_CTGAAGCT~TATAGCCT
keldred1_GWAS,CCEPGANXX,4,CGCTCATT~GTACTGAC,12-1191_4,CCEPGANXX_4_CGCTCATT~GTACTGAC
keldred1_GWAS,CCEPGANXX,4,TCTCGCGC~CCTATCCT,12-0434_4,CCEPGANXX_4_TCTCGCGC~CCTATCCT
keldred1_GWAS,CCEPGANXX,4,TCTCGCGC~AGGCGAAG,12-0467_4,CCEPGANXX_4_TCTCGCGC~AGGCGAAG
keldred1_GWAS,CCEPGANXX,4,GAATTCGT~TATAGCCT,12-1585_4,CCEPGANXX_4_GAATTCGT~TATAGCCT
keldred1_GWAS,CCEPGANXX,4,TCCGCGAA~CCTATCCT,12-1878_4,CCEPGANXX_4_TCCGCGAA~CCTATCCT
keldred1_GWAS,CCEPGANXX,4,ATTACTCG~TAATCTTA,12-0332_4,CCEPGANXX_4_ATTACTCG~TAATCTTA
keldred1_GWAS,CCEPGANXX,4,GAGATTCC~TATAGCCT,12-0541_4,CCEPGANXX_4_GAGATTCC~TATAGCCT
keldred1_GWAS,CCEPGANXX,4,CGGCTATG~CAGGACGT,12-0547_4,CCEPGANXX_4_CGGCTATG~CAGGACGT
keldred1_GWAS,CCEPGANXX,4,AGCGATAG~AGGCGAAG,12-0635_4,CCEPGANXX_4_AGCGATAG~AGGCGAAG
keldred1_GWAS,CCEPGANXX,4,ATTCAGAA~TATAGCCT,13-2016_4,CCEPGANXX_4_ATTCAGAA~TATAGCCT
keldred1_GWAS,CCEPGANXX,4,TCCGCGAA~TATAGCCT,11-0242_4,CCEPGANXX_4_TCCGCGAA~TATAGCCT
keldred1_GWAS,CCEPGANXX,4,TAATGCGC~TAATCTTA,12-1545_4,CCEPGANXX_4_TAATGCGC~TAATCTTA
keldred1_GWAS,CCEPGANXX,4,TCTCGCGC~CAGGACGT,12-0772_4,CCEPGANXX_4_TCTCGCGC~CAGGACGT
keldred1_GWAS,CCEPGANXX,4,AGCGATAG~ATAGAGGC,11-0270_4,CCEPGANXX_4_AGCGATAG~ATAGAGGC
keldred1_GWAS,CCEPGANXX,4,TAATGCGC~GTACTGAC,12-1115_4,CCEPGANXX_4_TAATGCGC~GTACTGAC
keldred1_GWAS,CCEPGANXX,4,CTGAAGCT~AGGCGAAG,13-1966_4,CCEPGANXX_4_CTGAAGCT~AGGCGAAG
keldred1_GWAS,CCEPGANXX,4,ATTACTCG~GTACTGAC,12-0612_4,CCEPGANXX_4_ATTACTCG~GTACTGAC
keldred1_GWAS,CCEPGANXX,4,TCTCGCGC~GTACTGAC,12-1202_4,CCEPGANXX_4_TCTCGCGC~GTACTGAC
keldred1_GWAS,CCEPGANXX,4,CGGCTATG~CCTATCCT,12-1340_4,CCEPGANXX_4_CGGCTATG~CCTATCCT
keldred1_GWAS,CCEPGANXX,4,CGGCTATG~TATAGCCT,12-0371_4,CCEPGANXX_4_CGGCTATG~TATAGCCT
keldred1_GWAS,CCEPGANXX,4,TCCGCGAA~AGGCGAAG,13-1895_4,CCEPGANXX_4_TCCGCGAA~AGGCGAAG
keldred1_GWAS,CCEPGANXX,4,ATTCAGAA~ATAGAGGC,12-1230_4,CCEPGANXX_4_ATTCAGAA~ATAGAGGC
keldred1_GWAS,CCEPGANXX,4,CTGAAGCT~CAGGACGT,12-1501_4,CCEPGANXX_4_CTGAAGCT~CAGGACGT
keldred1_GWAS,CCEPGANXX,4,ATTACTCG~GGCTCTGA,12-0728_4,CCEPGANXX_4_ATTACTCG~GGCTCTGA
keldred1_GWAS,CCEPGANXX,4,TAATGCGC~TATAGCCT,12-1043_4,CCEPGANXX_4_TAATGCGC~TATAGCCT
keldred1_GWAS,CCEPGANXX,4,CGCTCATT~CAGGACGT,12-0382_4,CCEPGANXX_4_CGCTCATT~CAGGACGT
keldred1_GWAS,CCEPGANXX,4,GAATTCGT~GTACTGAC,12-1640_4,CCEPGANXX_4_GAATTCGT~GTACTGAC
keldred1_GWAS,CCEPGANXX,4,TAATGCGC~CCTATCCT,12-0570_4,CCEPGANXX_4_TAATGCGC~CCTATCCT
keldred1_GWAS,CCEPGANXX,4,TCCGGAGA~CAGGACGT,12-0810_4,CCEPGANXX_4_TCCGGAGA~CAGGACGT
keldred1_GWAS,CCEPGANXX,4,TCCGGAG~TAATCTTA,12-0997_4,CCEPGANXX_4_TCCGGAG~TAATCTTA
keldred1_GWAS,CCEPGANXX,4,TAATGCGC~ATAGAGGC,11-0206_4,CCEPGANXX_4_TAATGCGC~ATAGAGGC
keldred1_GWAS,CCEPGANXX,4,CGGCTATG~AGGCGAAG,12-1546_4,CCEPGANXX_4_CGGCTATG~AGGCGAAG
keldred1_GWAS,CCEPGANXX,4,ATTCAGAA~CCTATCCT,12-0595_4,CCEPGANXX_4_ATTCAGAA~CCTATCCT
keldred1_GWAS,CCEPGANXX,4,GAGATTCC~GTACTGAC,12-1153_4,CCEPGANXX_4_GAGATTCC~GTACTGAC
keldred1_GWAS,CCEPGANXX,4,TCCGCGAA~CAGGACGT,11-0247_4,CCEPGANXX_4_TCCGCGAA~CAGGACGT
keldred1_GWAS,CCEPGANXX,4,CTGAAGCT~ATAGAGGC,12-0883_4,CCEPGANXX_4_CTGAAGCT~ATAGAGGC
keldred1_GWAS,CCEPGANXX,4,ATTCAGAA~GTACTGAC,12-0679_4,CCEPGANXX_4_ATTCAGAA~GTACTGAC
keldred1_GWAS,CCEPGANXX,4,GAATTCGT~CCTATCCT,12-1063_4,CCEPGANXX_4_GAATTCGT~CCTATCCT
keldred1_GWAS,CCEPGANXX,4,TAATGCGC~GGCTCTGA,11-0301_4,CCEPGANXX_4_TAATGCGC~GGCTCTGA
keldred1_GWAS,CCEPGANXX,4,GAATTCGT~CAGGACGT,13-1883_4,CCEPGANXX_4_GAATTCGT~CAGGACGT
keldred1_GWAS,CCEPGANXX,4,ATTCAGAA~TAATCTTA,13-1892_4,CCEPGANXX_4_ATTCAGAA~TAATCTTA
keldred1_GWAS,CCEPGANXX,4,CTGAAGCT~TAATCTTA,12-1499_4,CCEPGANXX_4_CTGAAGCT~TAATCTTA
keldred1_GWAS,CCEPGANXX,4,TCCGGAGA~CCTATCCT,12-1368_4,CCEPGANXX_4_TCCGGAGA~CCTATCCT
keldred1_GWAS,CCEPGANXX,4,ATTCAGAA~AGGCGAAG,12-1283_4,CCEPGANXX_4_ATTCAGAA~AGGCGAAG
keldred1_GWAS,CCEPGANXX,4,AGCGATAG~TATAGCCT,12-1772_4,CCEPGANXX_4_AGCGATAG~TATAGCCT
keldred1_GWAS,CCEPGANXX,4,ATTACTCG~ATAGAGGC,12-1133_4,CCEPGANXX_4_ATTACTCG~ATAGAGGC
keldred1_GWAS,CCEPGANXX,4,TCTCGCGC~GGCTCTGA,13-1899_4,CCEPGANXX_4_TCTCGCGC~GGCTCTGA
keldred1_GWAS,CCEPGANXX,4,GAGATTCC~TAATCTTA,12-1476_4,CCEPGANXX_4_GAGATTCC~TAATCTTA
keldred1_GWAS,CCEPGANXX,4,GAGATTCC~CCTATCCT,12-1387_4,CCEPGANXX_4_GAGATTCC~CCTATCCT
keldred1_GWAS,CCEPGANXX,4,ATTACTCG~AGGCGAAG,11-0208_4,CCEPGANXX_4_ATTACTCG~AGGCGAAG
keldred1_GWAS,CCEPGANXX,4,TCTCGCGC~TATAGCCT,12-0452_4,CCEPGANXX_4_TCTCGCGC~TATAGCCT
keldred1_GWAS,CCEPGANXX,4,TCCGGAGA~ATAGAGGC,12-1597_4,CCEPGANXX_4_TCCGGAGA~ATAGAGGC
keldred1_GWAS,CCEPGANXX,4,CGGCTATG~GGCTCTGA,12-0317_4,CCEPGANXX_4_CGGCTATG~GGCTCTGA
keldred1_GWAS,CCEPGANXX,4,TCCGGAGA~AGGCGAAG,12-1351_4,CCEPGANXX_4_TCCGGAGA~AGGCGAAG
keldred1_GWAS,CCEPGANXX,4,ATTACTCG~CCTATCCT,12-0546_4,CCEPGANXX_4_ATTACTCG~CCTATCCT
keldred1_GWAS,CCEPGANXX,4,GAGATTCC~GGCTCTGA,12-1296_4,CCEPGANXX_4_GAGATTCC~GGCTCTGA
keldred1_GWAS,CCEPGANXX,4,GAATTCGT~ATAGAGGC,12-1243_4,CCEPGANXX_4_GAATTCGT~ATAGAGGC
keldred1_GWAS,CCEPGANXX,4,TCTCGCGC~TAATCTTA,12-0984_4,CCEPGANXX_4_TCTCGCGC~TAATCTTA
keldred1_GWAS,CCEPGANXX,4,CGCTCATT~TAATCTTA,12-1299_4,CCEPGANXX_4_CGCTCATT~TAATCTTA
keldred1_GWAS,CCEPGANXX,4,GAGATTCC~ATAGAGGC,12-1001_4,CCEPGANXX_4_GAGATTCC~ATAGAGGC
keldred1_GWAS,CCEPGANXX,4,AGCGATAG~GGCTCTGA,11-0223_4,CCEPGANXX_4_AGCGATAG~GGCTCTGA
keldred1_GWAS,CCEPGANXX,4,CGCTCATT~ATAGAGGC,12-1052_4,CCEPGANXX_4_CGCTCATT~ATAGAGGC
keldred1_GWAS,CCEPGANXX,4,CTGAAGCT~CCTATCCT,12-0533_4,CCEPGANXX_4_CTGAAGCT~CCTATCCT
keldred1_GWAS,CCEPGANXX,4,AGCGATAG~CCTATCCT,12-0662_4,CCEPGANXX_4_AGCGATAG~CCTATCCT
keldred1_GWAS,CCEPGANXX,4,CGGCTATG~ATAGAGGC,12-1136_4,CCEPGANXX_4_CGGCTATG~ATAGAGGC
keldred1_GWAS,CCEPGANXX,4,CGCTCATT~GGCTCTGA,12-0989_4,CCEPGANXX_4_CGCTCATT~GGCTCTGA
keldred1_GWAS,CCEPGANXX,4,ATTACTCG~CAGGACGT,12-1507_4,CCEPGANXX_4_ATTACTCG~CAGGACGT
keldred1_GWAS,CCEPGANXX,4,TCCGCGAA~ATAGAGGC,12-0999_4,CCEPGANXX_4_TCCGCGAA~ATAGAGGC
keldred1_GWAS,CCEPGANXX,4,AGCGATAG~TAATCTTA,12-1118_4,CCEPGANXX_4_AGCGATAG~TAATCTTA
keldred1_GWAS,CCEPGANXX,4,GAATTCGT~GGCTCTGA,12-0976_4,CCEPGANXX_4_GAATTCGT~GGCTCTGA
keldred1_GWAS,CCEPGANXX,4,CGGCTATG~TAATCTTA,12-0361_4,CCEPGANXX_4_CGGCTATG~TAATCTTA
keldred1_GWAS,CCEPGANXX,4,GAGATTCC~AGGCGAAG,12-1391_4,CCEPGANXX_4_GAGATTCC~AGGCGAAG
keldred1_GWAS,CCEPGANXX,4,TCCGGAGA~GTACTGAC,13-1942_4,CCEPGANXX_4_TCCGGAGA~GTACTGAC
keldred1_GWAS,CCEPGANXX,4,TCCGCGAA~GGCTCTGA,12-0509_4,CCEPGANXX_4_TCCGCGAA~GGCTCTGA
keldred1_GWAS,CCEPGANXX,4,GAATTCGT~AGGCGAAG,12-0870_4,CCEPGANXX_4_GAATTCGT~AGGCGAAG
keldred1_GWAS,CCEPGANXX,4,GAGATTCC~CAGGACGT,12-1471_4,CCEPGANXX_4_GAGATTCC~CAGGACGT
keldred1_GWAS,CCEPGANXX,4,AGCGATAG~CAGGACGT,12-0630_4,CCEPGANXX_4_AGCGATAG~CAGGACGT
keldred1_GWAS,CCEPGANXX,4,TCCGCGAA~GTACTGAC,12-1510_4,CCEPGANXX_4_TCCGCGAA~GTACTGAC
keldred1_GWAS,CCEPGANXX,4,CGCTCATT~CCTATCCT,12-1203_4,CCEPGANXX_4_CGCTCATT~CCTATCCT
keldred1_GWAS,CCEPGANXX,4,ATTCAGAA~CAGGACGT,12-1493_4,CCEPGANXX_4_ATTCAGAA~CAGGACGT
keldred1_GWAS,CCEPGANXX,4,ATTCAGAA~GGCTCTGA,12-1628_4,CCEPGANXX_4_ATTCAGAA~GGCTCTGA
keldred1_GWAS,CCEPGANXX,4,CGCTCATT~AGGCGAAG,12-0898_4,CCEPGANXX_4_CGCTCATT~AGGCGAAG
keldred1_GWAS,CCEPGANXX,4,CGGCTATG~GTACTGAC,12-1475_4,CCEPGANXX_4_CGGCTATG~GTACTGAC
keldred1_GWAS,CCEPGANXX,4,TAATGCGC~AGGCGAAG,12-1055_4,CCEPGANXX_4_TAATGCGC~AGGCGAAG
keldred1_GWAS,CCEPGANXX,5,ATTCAGAA~GTACTGAC,12-1232_5,CCEPGANXX_5_ATTCAGAA~GTACTGAC
keldred1_GWAS,CCEPGANXX,5,TCCGGAGA~GTACTGAC,13-1890_5,CCEPGANXX_5_TCCGGAGA~GTACTGAC
keldred1_GWAS,CCEPGANXX,5,AGCGATAG~AGGCGAAG,12-1087_5,CCEPGANXX_5_AGCGATAG~AGGCGAAG
keldred1_GWAS,CCEPGANXX,5,TCTCGCGC~TATAGCCT,13-1928_5,CCEPGANXX_5_TCTCGCGC~TATAGCCT
keldred1_GWAS,CCEPGANXX,5,CGCTCATT~TATAGCCT,12-1168_5,CCEPGANXX_5_CGCTCATT~TATAGCCT
keldred1_GWAS,CCEPGANXX,5,TCCGCGAA~TATAGCCT,12-1163_5,CCEPGANXX_5_TCCGCGAA~TATAGCCT
keldred1_GWAS,CCEPGANXX,5,CTGAAGCT~GTACTGAC,12-0871_5,CCEPGANXX_5_CTGAAGCT~GTACTGAC
keldred1_GWAS,CCEPGANXX,5,TCCGCGAA~CAGGACGT,13-1903_5,CCEPGANXX_5_TCCGCGAA~CAGGACGT
keldred1_GWAS,CCEPGANXX,5,TAATGCGC~GTACTGAC,12-1178_5,CCEPGANXX_5_TAATGCGC~GTACTGAC
keldred1_GWAS,CCEPGANXX,5,GAATTCGT~ATAGAGGC,11-0209_5,CCEPGANXX_5_GAATTCGT~ATAGAGGC
keldred1_GWAS,CCEPGANXX,5,TCCGCGAA~GTACTGAC,12-0518_5,CCEPGANXX_5_TCCGCGAA~GTACTGAC
keldred1_GWAS,CCEPGANXX,5,CGGCTATG~CAGGACGT,12-0441_5,CCEPGANXX_5_CGGCTATG~CAGGACGT
keldred1_GWAS,CCEPGANXX,5,CGCTCATT~TAATCTTA,11-0314_5,CCEPGANXX_5_CGCTCATT~TAATCTTA
keldred1_GWAS,CCEPGANXX,5,GAATTCGT~GTACTGAC,12-0368_5,CCEPGANXX_5_GAATTCGT~GTACTGAC
keldred1_GWAS,CCEPGANXX,5,TCTCGCGC~AGGCGAAG,12-1350_5,CCEPGANXX_5_TCTCGCGC~AGGCGAAG
keldred1_GWAS,CCEPGANXX,5,AGCGATAG~GTACTGAC,12-1423_5,CCEPGANXX_5_AGCGATAG~GTACTGAC
keldred1_GWAS,CCEPGANXX,5,TCCGCGAA~ATAGAGGC,12-0661_5,CCEPGANXX_5_TCCGCGAA~ATAGAGGC
keldred1_GWAS,CCEPGANXX,5,CGGCTATG~AGGCGAAG,12-0940_5,CCEPGANXX_5_CGGCTATG~AGGCGAAG
keldred1_GWAS,CCEPGANXX,5,TCTCGCGC~GTACTGAC,12-1441_5,CCEPGANXX_5_TCTCGCGC~GTACTGAC
keldred1_GWAS,CCEPGANXX,5,CGCTCATT~AGGCGAAG,12-0505_5,CCEPGANXX_5_CGCTCATT~AGGCGAAG
keldred1_GWAS,CCEPGANXX,5,GAGATTCC~GTACTGAC,12-0624_5,CCEPGANXX_5_GAGATTCC~GTACTGAC
keldred1_GWAS,CCEPGANXX,5,CTGAAGCT~ATAGAGGC,12-1369_5,CCEPGANXX_5_CTGAAGCT~ATAGAGGC
keldred1_GWAS,CCEPGANXX,5,CTGAAGCT~AGGCGAAG,12-0342_5,CCEPGANXX_5_CTGAAGCT~AGGCGAAG
keldred1_GWAS,CCEPGANXX,5,CGGCTATG~GGCTCTGA,12-0753_5,CCEPGANXX_5_CGGCTATG~GGCTCTGA
keldred1_GWAS,CCEPGANXX,5,TAATGCGC~CCTATCCT,12-1647_5,CCEPGANXX_5_TAATGCGC~CCTATCCT
keldred1_GWAS,CCEPGANXX,5,TCCGGAGA~AGGCGAAG,12-0991_5,CCEPGANXX_5_TCCGGAGA~AGGCGAAG
keldred1_GWAS,CCEPGANXX,5,GAATTCGT~TAATCTTA,12-1502_5,CCEPGANXX_5_GAATTCGT~TAATCTTA
keldred1_GWAS,CCEPGANXX,5,ATTACTCG~AGGCGAAG,13-2097_5,CCEPGANXX_5_ATTACTCG~AGGCGAAG
keldred1_GWAS,CCEPGANXX,5,CGCTCATT~GTACTGAC,12-0465_5,CCEPGANXX_5_CGCTCATT~GTACTGAC
keldred1_GWAS,CCEPGANXX,5,GAATTCGT~AGGCGAAG,12-1448_5,CCEPGANXX_5_GAATTCGT~AGGCGAAG
keldred1_GWAS,CCEPGANXX,5,ATTACTCG~CCTATCCT,12-1288_5,CCEPGANXX_5_ATTACTCG~CCTATCCT
keldred1_GWAS,CCEPGANXX,5,CTGAAGCT~TAATCTTA,12-0676_5,CCEPGANXX_5_CTGAAGCT~TAATCTTA
keldred1_GWAS,CCEPGANXX,5,CGGCTATG~CCTATCCT,13-1934_5,CCEPGANXX_5_CGGCTATG~CCTATCCT
keldred1_GWAS,CCEPGANXX,5,GAGATTCC~GGCTCTGA,12-0370_5,CCEPGANXX_5_GAGATTCC~GGCTCTGA
keldred1_GWAS,CCEPGANXX,5,TCTCGCGC~ATAGAGGC,13-1897_5,CCEPGANXX_5_TCTCGCGC~ATAGAGGC
keldred1_GWAS,CCEPGANXX,5,GAGATTCC~TATAGCCT,12-0939_5,CCEPGANXX_5_GAGATTCC~TATAGCCT
keldred1_GWAS,CCEPGANXX,5,CTGAAGCT~CCTATCCT,12-0769_5,CCEPGANXX_5_CTGAAGCT~CCTATCCT
keldred1_GWAS,CCEPGANXX,5,TCCGCGAA~CCTATCCT,12-1598_5,CCEPGANXX_5_TCCGCGAA~CCTATCCT
keldred1_GWAS,CCEPGANXX,5,TCCGGAGA~TATAGCCT,12-0779_5,CCEPGANXX_5_TCCGGAGA~TATAGCCT
keldred1_GWAS,CCEPGANXX,5,TAATGCGC~CAGGACGT,11-0207_5,CCEPGANXX_5_TAATGCGC~CAGGACGT
keldred1_GWAS,CCEPGANXX,5,GAATTCGT~CAGGACGT,12-0673_5,CCEPGANXX_5_GAATTCGT~CAGGACGT
keldred1_GWAS,CCEPGANXX,5,GAGATTCC~ATAGAGGC,11-0281_5,CCEPGANXX_5_GAGATTCC~ATAGAGGC
keldred1_GWAS,CCEPGANXX,5,ATTCAGAA~CAGGACGT,12-1699_5,CCEPGANXX_5_ATTCAGAA~CAGGACGT
keldred1_GWAS,CCEPGANXX,5,ATTCAGAA~ATAGAGGC,12-1148_5,CCEPGANXX_5_ATTCAGAA~ATAGAGGC
keldred1_GWAS,CCEPGANXX,5,GAGATTCC~TAATCTTA,12-0339_5,CCEPGANXX_5_GAGATTCC~TAATCTTA
keldred1_GWAS,CCEPGANXX,5,TAATGCGC~AGGCGAAG,13-2134_5,CCEPGANXX_5_TAATGCGC~AGGCGAAG
keldred1_GWAS,CCEPGANXX,5,CGGCTATG~ATAGAGGC,11-0311_5,CCEPGANXX_5_CGGCTATG~ATAGAGGC
keldred1_GWAS,CCEPGANXX,5,TAATGCGC~TAATCTTA,11-0303_5,CCEPGANXX_5_TAATGCGC~TAATCTTA
keldred1_GWAS,CCEPGANXX,5,ATTCAGAA~CCTATCCT,11-0283_5,CCEPGANXX_5_ATTCAGAA~CCTATCCT
keldred1_GWAS,CCEPGANXX,5,AGCGATAG~GGCTCTGA,12-0998_5,CCEPGANXX_5_AGCGATAG~GGCTCTGA
keldred1_GWAS,CCEPGANXX,5,CTGAAGCT~CAGGACGT,12-0638_5,CCEPGANXX_5_CTGAAGCT~CAGGACGT
keldred1_GWAS,CCEPGANXX,5,TAATGCGC~ATAGAGGC,12-0896_5,CCEPGANXX_5_TAATGCGC~ATAGAGGC
keldred1_GWAS,CCEPGANXX,5,ATTACTCG~GGCTCTGA,13-1995_5,CCEPGANXX_5_ATTACTCG~GGCTCTGA
keldred1_GWAS,CCEPGANXX,5,ATTCAGAA~TAATCTTA,12-1558_5,CCEPGANXX_5_ATTCAGAA~TAATCTTA
keldred1_GWAS,CCEPGANXX,5,CGCTCATT~GGCTCTGA,12-1216_5,CCEPGANXX_5_CGCTCATT~GGCTCTGA
keldred1_GWAS,CCEPGANXX,5,AGCGATAG~TATAGCCT,13-1902_5,CCEPGANXX_5_AGCGATAG~TATAGCCT
keldred1_GWAS,CCEPGANXX,5,TCCGCGAA~TAATCTTA,11-0240_5,CCEPGANXX_5_TCCGCGAA~TAATCTTA
keldred1_GWAS,CCEPGANXX,5,AGCGATAG~ATAGAGGC,12-1571_5,CCEPGANXX_5_AGCGATAG~ATAGAGGC
keldred1_GWAS,CCEPGANXX,5,TCCGGAG~TAATCTTA,12-0860_5,CCEPGANXX_5_TCCGGAG~TAATCTTA
keldred1_GWAS,CCEPGANXX,5,ATTCAGAA~TATAGCCT,12-1270_5,CCEPGANXX_5_ATTCAGAA~TATAGCCT
keldred1_GWAS,CCEPGANXX,5,CGCTCATT~CAGGACGT,11-0291_5,CCEPGANXX_5_CGCTCATT~CAGGACGT
keldred1_GWAS,CCEPGANXX,5,CTGAAGCT~GGCTCTGA,12-1439_5,CCEPGANXX_5_CTGAAGCT~GGCTCTGA
keldred1_GWAS,CCEPGANXX,5,GAGATTCC~AGGCGAAG,12-1474_5,CCEPGANXX_5_GAGATTCC~AGGCGAAG
keldred1_GWAS,CCEPGANXX,5,TCTCGCGC~TAATCTTA,13-2123_5,CCEPGANXX_5_TCTCGCGC~TAATCTTA
keldred1_GWAS,CCEPGANXX,5,CGGCTATG~TATAGCCT,12-1072_5,CCEPGANXX_5_CGGCTATG~TATAGCCT
keldred1_GWAS,CCEPGANXX,5,GAATTCGT~CCTATCCT,11-0214_5,CCEPGANXX_5_GAATTCGT~CCTATCCT
keldred1_GWAS,CCEPGANXX,5,TCCGGAGA~GGCTCTGA,12-1206_5,CCEPGANXX_5_TCCGGAGA~GGCTCTGA
keldred1_GWAS,CCEPGANXX,5,GAGATTCC~CAGGACGT,12-1639_5,CCEPGANXX_5_GAGATTCC~CAGGACGT
keldred1_GWAS,CCEPGANXX,5,TAATGCGC~GGCTCTGA,12-1119_5,CCEPGANXX_5_TAATGCGC~GGCTCTGA
keldred1_GWAS,CCEPGANXX,5,TCTCGCGC~CAGGACGT,12-0949_5,CCEPGANXX_5_TCTCGCGC~CAGGACGT
keldred1_GWAS,CCEPGANXX,5,AGCGATAG~CCTATCCT,12-0516_5,CCEPGANXX_5_AGCGATAG~CCTATCCT
keldred1_GWAS,CCEPGANXX,5,TCCGGAGA~CAGGACGT,13-2014_5,CCEPGANXX_5_TCCGGAGA~CAGGACGT
keldred1_GWAS,CCEPGANXX,5,CGCTCATT~ATAGAGGC,12-1583_5,CCEPGANXX_5_CGCTCATT~ATAGAGGC
keldred1_GWAS,CCEPGANXX,5,AGCGATAG~CAGGACGT,13-1914_5,CCEPGANXX_5_AGCGATAG~CAGGACGT
keldred1_GWAS,CCEPGANXX,5,TAATGCGC~TATAGCCT,12-1690_5,CCEPGANXX_5_TAATGCGC~TATAGCCT
keldred1_GWAS,CCEPGANXX,5,CGGCTATG~TAATCTTA,12-1042_5,CCEPGANXX_5_CGGCTATG~TAATCTTA
keldred1_GWAS,CCEPGANXX,5,TCCGCGAA~GGCTCTGA,13-2092_5,CCEPGANXX_5_TCCGCGAA~GGCTCTGA
keldred1_GWAS,CCEPGANXX,5,TCCGCGAA~AGGCGAAG,12-1171_5,CCEPGANXX_5_TCCGCGAA~AGGCGAAG
keldred1_GWAS,CCEPGANXX,5,GAATTCGT~TATAGCCT,13-2117_5,CCEPGANXX_5_GAATTCGT~TATAGCCT
keldred1_GWAS,CCEPGANXX,5,ATTACTCG~ATAGAGGC,12-0992_5,CCEPGANXX_5_ATTACTCG~ATAGAGGC
keldred1_GWAS,CCEPGANXX,5,ATTACTCG~TAATCTTA,11-0299_5,CCEPGANXX_5_ATTACTCG~TAATCTTA
keldred1_GWAS,CCEPGANXX,5,TCCGGAGA~ATAGAGGC,12-1141_5,CCEPGANXX_5_TCCGGAGA~ATAGAGGC
keldred1_GWAS,CCEPGANXX,5,GAATTCGT~GGCTCTGA,12-0670_5,CCEPGANXX_5_GAATTCGT~GGCTCTGA
keldred1_GWAS,CCEPGANXX,5,CGGCTATG~GTACTGAC,12-1748_5,CCEPGANXX_5_CGGCTATG~GTACTGAC
keldred1_GWAS,CCEPGANXX,5,CTGAAGCT~TATAGCCT,12-0582_5,CCEPGANXX_5_CTGAAGCT~TATAGCCT
keldred1_GWAS,CCEPGANXX,5,ATTCAGAA~AGGCGAAG,13-2119_5,CCEPGANXX_5_ATTCAGAA~AGGCGAAG
keldred1_GWAS,CCEPGANXX,5,ATTCAGAA~GGCTCTGA,11-0248_5,CCEPGANXX_5_ATTCAGAA~GGCTCTGA
keldred1_GWAS,CCEPGANXX,5,AGCGATAG~TAATCTTA,13-1977_5,CCEPGANXX_5_AGCGATAG~TAATCTTA
keldred1_GWAS,CCEPGANXX,5,TCCGGAGA~CCTATCCT,12-1003_5,CCEPGANXX_5_TCCGGAGA~CCTATCCT
keldred1_GWAS,CCEPGANXX,5,ATTACTCG~GTACTGAC,12-0330_5,CCEPGANXX_5_ATTACTCG~GTACTGAC
keldred1_GWAS,CCEPGANXX,5,ATTACTCG~CAGGACGT,13-1989_5,CCEPGANXX_5_ATTACTCG~CAGGACGT
keldred1_GWAS,CCEPGANXX,5,GAGATTCC~CCTATCCT,13-2013_5,CCEPGANXX_5_GAGATTCC~CCTATCCT
keldred1_GWAS,CCEPGANXX,5,TCTCGCGC~CCTATCCT,12-0340_5,CCEPGANXX_5_TCTCGCGC~CCTATCCT
keldred1_GWAS,CCEPGANXX,6,TAATGCGC~CCTATCCT,12-1046_6,CCEPGANXX_6_TAATGCGC~CCTATCCT
keldred1_GWAS,CCEPGANXX,6,AGCGATAG~CAGGACGT,13-1968_6,CCEPGANXX_6_AGCGATAG~CAGGACGT
keldred1_GWAS,CCEPGANXX,6,ATTACTCG~CAGGACGT,12-0571_6,CCEPGANXX_6_ATTACTCG~CAGGACGT
keldred1_GWAS,CCEPGANXX,6,ATTCAGAA~GGCTCTGA,12-1075_6,CCEPGANXX_6_ATTCAGAA~GGCTCTGA
keldred1_GWAS,CCEPGANXX,6,GAGATTCC~AGGCGAAG,13-2153_6,CCEPGANXX_6_GAGATTCC~AGGCGAAG
keldred1_GWAS,CCEPGANXX,6,TCCGCGAA~CCTATCCT,11-0300_6,CCEPGANXX_6_TCCGCGAA~CCTATCCT
keldred1_GWAS,CCEPGANXX,6,TCCGGAGA~CCTATCCT,13-2118_6,CCEPGANXX_6_TCCGGAGA~CCTATCCT
keldred1_GWAS,CCEPGANXX,6,ATTACTCG~GTACTGAC,12-0768_6,CCEPGANXX_6_ATTACTCG~GTACTGAC
keldred1_GWAS,CCEPGANXX,6,TCTCGCGC~TAATCTTA,12-0903_6,CCEPGANXX_6_TCTCGCGC~TAATCTTA
keldred1_GWAS,CCEPGANXX,6,TCCGGAGA~GTACTGAC,12-0336_6,CCEPGANXX_6_TCCGGAGA~GTACTGAC
keldred1_GWAS,CCEPGANXX,6,TAATGCGC~CAGGACGT,12-1176_6,CCEPGANXX_6_TAATGCGC~CAGGACGT
keldred1_GWAS,CCEPGANXX,6,GAGATTCC~GGCTCTGA,11-0243_6,CCEPGANXX_6_GAGATTCC~GGCTCTGA
keldred1_GWAS,CCEPGANXX,6,TCCGCGAA~CAGGACGT,12-1379_6,CCEPGANXX_6_TCCGCGAA~CAGGACGT
keldred1_GWAS,CCEPGANXX,6,TAATGCGC~TATAGCCT,12-0643_6,CCEPGANXX_6_TAATGCGC~TATAGCCT
keldred1_GWAS,CCEPGANXX,6,TCCGCGAA~TATAGCCT,12-1130_6,CCEPGANXX_6_TCCGCGAA~TATAGCCT
keldred1_GWAS,CCEPGANXX,6,GAGATTCC~GTACTGAC,12-1557_6,CCEPGANXX_6_GAGATTCC~GTACTGAC
keldred1_GWAS,CCEPGANXX,6,ATTCAGAA~TATAGCCT,11-0229_6,CCEPGANXX_6_ATTCAGAA~TATAGCCT
keldred1_GWAS,CCEPGANXX,6,TAATGCGC~GGCTCTGA,13-1935_6,CCEPGANXX_6_TAATGCGC~GGCTCTGA
keldred1_GWAS,CCEPGANXX,6,CGGCTATG~GGCTCTGA,12-0324_6,CCEPGANXX_6_CGGCTATG~GGCTCTGA
keldred1_GWAS,CCEPGANXX,6,CGCTCATT~CAGGACGT,12-0988_6,CCEPGANXX_6_CGCTCATT~CAGGACGT
keldred1_GWAS,CCEPGANXX,6,CGGCTATG~CAGGACGT,12-0457_6,CCEPGANXX_6_CGGCTATG~CAGGACGT
keldred1_GWAS,CCEPGANXX,6,CGCTCATT~AGGCGAAG,13-1926_6,CCEPGANXX_6_CGCTCATT~AGGCGAAG
keldred1_GWAS,CCEPGANXX,6,CTGAAGCT~ATAGAGGC,12-0596_6,CCEPGANXX_6_CTGAAGCT~ATAGAGGC
keldred1_GWAS,CCEPGANXX,6,CTGAAGCT~CCTATCCT,12-0688_6,CCEPGANXX_6_CTGAAGCT~CCTATCCT
keldred1_GWAS,CCEPGANXX,6,TCTCGCGC~GTACTGAC,13-1917_6,CCEPGANXX_6_TCTCGCGC~GTACTGAC
keldred1_GWAS,CCEPGANXX,6,CTGAAGCT~GTACTGAC,12-0995_6,CCEPGANXX_6_CTGAAGCT~GTACTGAC
keldred1_GWAS,CCEPGANXX,6,CGGCTATG~CCTATCCT,12-0746_6,CCEPGANXX_6_CGGCTATG~CCTATCCT
keldred1_GWAS,CCEPGANXX,6,ATTCAGAA~ATAGAGGC,13-1993_6,CCEPGANXX_6_ATTCAGAA~ATAGAGGC
keldred1_GWAS,CCEPGANXX,6,ATTACTCG~AGGCGAAG,12-0633_6,CCEPGANXX_6_ATTACTCG~AGGCGAAG
keldred1_GWAS,CCEPGANXX,6,ATTACTCG~ATAGAGGC,12-1650_6,CCEPGANXX_6_ATTACTCG~ATAGAGGC
keldred1_GWAS,CCEPGANXX,6,CGCTCATT~GTACTGAC,12-1587_6,CCEPGANXX_6_CGCTCATT~GTACTGAC
keldred1_GWAS,CCEPGANXX,6,TCCGGAGA~CAGGACGT,12-0678_6,CCEPGANXX_6_TCCGGAGA~CAGGACGT
keldred1_GWAS,CCEPGANXX,6,CTGAAGCT~TAATCTTA,12-1018_6,CCEPGANXX_6_CTGAAGCT~TAATCTTA
keldred1_GWAS,CCEPGANXX,6,TCTCGCGC~TATAGCCT,12-0913_6,CCEPGANXX_6_TCTCGCGC~TATAGCCT
keldred1_GWAS,CCEPGANXX,6,CGCTCATT~GGCTCTGA,11-0272_6,CCEPGANXX_6_CGCTCATT~GGCTCTGA
keldred1_GWAS,CCEPGANXX,6,ATTACTCG~CCTATCCT,13-2124_6,CCEPGANXX_6_ATTACTCG~CCTATCCT
keldred1_GWAS,CCEPGANXX,6,GAATTCGT~CCTATCCT,12-1425_6,CCEPGANXX_6_GAATTCGT~CCTATCCT
keldred1_GWAS,CCEPGANXX,6,TCCGCGAA~AGGCGAAG,12-1059_6,CCEPGANXX_6_TCCGCGAA~AGGCGAAG
keldred1_GWAS,CCEPGANXX,6,AGCGATAG~TATAGCCT,12-0954_6,CCEPGANXX_6_AGCGATAG~TATAGCCT
keldred1_GWAS,CCEPGANXX,6,GAATTCGT~ATAGAGGC,12-0990_6,CCEPGANXX_6_GAATTCGT~ATAGAGGC
keldred1_GWAS,CCEPGANXX,6,GAATTCGT~GTACTGAC,12-0504_6,CCEPGANXX_6_GAATTCGT~GTACTGAC
keldred1_GWAS,CCEPGANXX,6,TAATGCGC~ATAGAGGC,12-1770_6,CCEPGANXX_6_TAATGCGC~ATAGAGGC
keldred1_GWAS,CCEPGANXX,6,CGGCTATG~TAATCTTA,11-0302_6,CCEPGANXX_6_CGGCTATG~TAATCTTA
keldred1_GWAS,CCEPGANXX,6,CTGAAGCT~GGCTCTGA,12-1127_6,CCEPGANXX_6_CTGAAGCT~GGCTCTGA
keldred1_GWAS,CCEPGANXX,6,ATTCAGAA~AGGCGAAG,12-0597_6,CCEPGANXX_6_ATTCAGAA~AGGCGAAG
keldred1_GWAS,CCEPGANXX,6,CGGCTATG~ATAGAGGC,12-1749_6,CCEPGANXX_6_CGGCTATG~ATAGAGGC
keldred1_GWAS,CCEPGANXX,6,ATTACTCG~GGCTCTGA,12-0935_6,CCEPGANXX_6_ATTACTCG~GGCTCTGA
keldred1_GWAS,CCEPGANXX,6,ATTCAGAA~CAGGACGT,12-0543_6,CCEPGANXX_6_ATTCAGAA~CAGGACGT
keldred1_GWAS,CCEPGANXX,6,TCCGGAGA~GGCTCTGA,12-1468_6,CCEPGANXX_6_TCCGGAGA~GGCTCTGA
keldred1_GWAS,CCEPGANXX,6,TAATGCGC~TAATCTTA,13-1965_6,CCEPGANXX_6_TAATGCGC~TAATCTTA
keldred1_GWAS,CCEPGANXX,6,AGCGATAG~GGCTCTGA,13-2004_6,CCEPGANXX_6_AGCGATAG~GGCTCTGA
keldred1_GWAS,CCEPGANXX,6,CGCTCATT~CCTATCCT,12-0608_6,CCEPGANXX_6_CGCTCATT~CCTATCCT
keldred1_GWAS,CCEPGANXX,6,GAGATTCC~CAGGACGT,12-1054_6,CCEPGANXX_6_GAGATTCC~CAGGACGT
keldred1_GWAS,CCEPGANXX,6,TAATGCGC~AGGCGAAG,13-2122_6,CCEPGANXX_6_TAATGCGC~AGGCGAAG
keldred1_GWAS,CCEPGANXX,6,TCCGGAGA~AGGCGAAG,12-0625_6,CCEPGANXX_6_TCCGGAGA~AGGCGAAG
keldred1_GWAS,CCEPGANXX,6,GAATTCGT~GGCTCTGA,12-1364_6,CCEPGANXX_6_GAATTCGT~GGCTCTGA
keldred1_GWAS,CCEPGANXX,6,CGGCTATG~AGGCGAAG,11-0252_6,CCEPGANXX_6_CGGCTATG~AGGCGAAG
keldred1_GWAS,CCEPGANXX,6,CTGAAGCT~AGGCGAAG,12-0854_6,CCEPGANXX_6_CTGAAGCT~AGGCGAAG
keldred1_GWAS,CCEPGANXX,6,TCTCGCGC~AGGCGAAG,12-1692_6,CCEPGANXX_6_TCTCGCGC~AGGCGAAG
keldred1_GWAS,CCEPGANXX,6,AGCGATAG~ATAGAGGC,11-0258_6,CCEPGANXX_6_AGCGATAG~ATAGAGGC
keldred1_GWAS,CCEPGANXX,6,AGCGATAG~AGGCGAAG,11-0277_6,CCEPGANXX_6_AGCGATAG~AGGCGAAG
keldred1_GWAS,CCEPGANXX,6,ATTACTCG~TAATCTTA,12-1361_6,CCEPGANXX_6_ATTACTCG~TAATCTTA
keldred1_GWAS,CCEPGANXX,6,TCCGCGAA~GTACTGAC,12-0517_6,CCEPGANXX_6_TCCGCGAA~GTACTGAC
keldred1_GWAS,CCEPGANXX,6,TCCGGAG~TAATCTTA,12-0432_6,CCEPGANXX_6_TCCGGAG~TAATCTTA
keldred1_GWAS,CCEPGANXX,6,TCCGCGAA~GGCTCTGA,11-0282_6,CCEPGANXX_6_TCCGCGAA~GGCTCTGA
keldred1_GWAS,CCEPGANXX,6,GAATTCGT~AGGCGAAG,12-0934_6,CCEPGANXX_6_GAATTCGT~AGGCGAAG
keldred1_GWAS,CCEPGANXX,6,GAGATTCC~CCTATCCT,12-0593_6,CCEPGANXX_6_GAGATTCC~CCTATCCT
keldred1_GWAS,CCEPGANXX,6,CGGCTATG~TATAGCCT,12-0531_6,CCEPGANXX_6_CGGCTATG~TATAGCCT
keldred1_GWAS,CCEPGANXX,6,AGCGATAG~CCTATCCT,12-1015_6,CCEPGANXX_6_AGCGATAG~CCTATCCT
keldred1_GWAS,CCEPGANXX,6,GAGATTCC~TAATCTTA,13-1916_6,CCEPGANXX_6_GAGATTCC~TAATCTTA
keldred1_GWAS,CCEPGANXX,6,GAATTCGT~CAGGACGT,12-0613_6,CCEPGANXX_6_GAATTCGT~CAGGACGT
keldred1_GWAS,CCEPGANXX,6,TCCGGAGA~ATAGAGGC,12-1084_6,CCEPGANXX_6_TCCGGAGA~ATAGAGGC
keldred1_GWAS,CCEPGANXX,6,GAATTCGT~TATAGCCT,12-1295_6,CCEPGANXX_6_GAATTCGT~TATAGCCT
keldred1_GWAS,CCEPGANXX,6,CGCTCATT~TAATCTTA,12-0994_6,CCEPGANXX_6_CGCTCATT~TAATCTTA
keldred1_GWAS,CCEPGANXX,6,CTGAAGCT~TATAGCCT,12-1045_6,CCEPGANXX_6_CTGAAGCT~TATAGCCT
keldred1_GWAS,CCEPGANXX,6,CTGAAGCT~CAGGACGT,13-2116_6,CCEPGANXX_6_CTGAAGCT~CAGGACGT
keldred1_GWAS,CCEPGANXX,6,CGCTCATT~ATAGAGGC,13-1981_6,CCEPGANXX_6_CGCTCATT~ATAGAGGC
keldred1_GWAS,CCEPGANXX,6,GAGATTCC~TATAGCCT,12-0713_6,CCEPGANXX_6_GAGATTCC~TATAGCCT
keldred1_GWAS,CCEPGANXX,6,CGGCTATG~GTACTGAC,12-0466_6,CCEPGANXX_6_CGGCTATG~GTACTGAC
keldred1_GWAS,CCEPGANXX,6,TCTCGCGC~CCTATCCT,11-0293_6,CCEPGANXX_6_TCTCGCGC~CCTATCCT
keldred1_GWAS,CCEPGANXX,6,TAATGCGC~GTACTGAC,12-0793_6,CCEPGANXX_6_TAATGCGC~GTACTGAC
keldred1_GWAS,CCEPGANXX,6,AGCGATAG~TAATCTTA,12-0980_6,CCEPGANXX_6_AGCGATAG~TAATCTTA
keldred1_GWAS,CCEPGANXX,6,TCCGCGAA~TAATCTTA,13-2163_6,CCEPGANXX_6_TCCGCGAA~TAATCTTA
keldred1_GWAS,CCEPGANXX,6,CGCTCATT~TATAGCCT,12-0751_6,CCEPGANXX_6_CGCTCATT~TATAGCCT
keldred1_GWAS,CCEPGANXX,6,ATTACTCG~TATAGCCT,12-0572_6,CCEPGANXX_6_ATTACTCG~TATAGCCT
keldred1_GWAS,CCEPGANXX,6,TCTCGCGC~GGCTCTGA,12-0941_6,CCEPGANXX_6_TCTCGCGC~GGCTCTGA
keldred1_GWAS,CCEPGANXX,6,TCTCGCGC~ATAGAGGC,13-2200_6,CCEPGANXX_6_TCTCGCGC~ATAGAGGC
keldred1_GWAS,CCEPGANXX,6,ATTCAGAA~GTACTGAC,12-1570_6,CCEPGANXX_6_ATTCAGAA~GTACTGAC
keldred1_GWAS,CCEPGANXX,6,TCTCGCGC~CAGGACGT,12-0744_6,CCEPGANXX_6_TCTCGCGC~CAGGACGT
keldred1_GWAS,CCEPGANXX,6,GAATTCGT~TAATCTTA,12-1509_6,CCEPGANXX_6_GAATTCGT~TAATCTTA
keldred1_GWAS,CCEPGANXX,6,ATTCAGAA~TAATCTTA,13-1936_6,CCEPGANXX_6_ATTCAGAA~TAATCTTA
keldred1_GWAS,CCEPGANXX,6,GAGATTCC~ATAGAGGC,12-0986_6,CCEPGANXX_6_GAGATTCC~ATAGAGGC
keldred1_GWAS,CCEPGANXX,6,AGCGATAG~GTACTGAC,12-1241_6,CCEPGANXX_6_AGCGATAG~GTACTGAC
keldred1_GWAS,CCEPGANXX,6,ATTCAGAA~CCTATCCT,12-1555_6,CCEPGANXX_6_ATTCAGAA~CCTATCCT
keldred1_GWAS,CCEPGANXX,7,TAATGCGC~ATAGAGGC,12-1590_7,CCEPGANXX_7_TAATGCGC~ATAGAGGC
keldred1_GWAS,CCEPGANXX,7,TCCGGAGA~GGCTCTGA,11-0235_7,CCEPGANXX_7_TCCGGAGA~GGCTCTGA
keldred1_GWAS,CCEPGANXX,7,CTGAAGCT~CAGGACGT,11-0249_7,CCEPGANXX_7_CTGAAGCT~CAGGACGT
keldred1_GWAS,CCEPGANXX,7,TCCGCGAA~GTACTGAC,12-0767_7,CCEPGANXX_7_TCCGCGAA~GTACTGAC
keldred1_GWAS,CCEPGANXX,7,TCCGCGAA~GGCTCTGA,12-1320_7,CCEPGANXX_7_TCCGCGAA~GGCTCTGA
keldred1_GWAS,CCEPGANXX,7,CGGCTATG~GTACTGAC,12-0901_7,CCEPGANXX_7_CGGCTATG~GTACTGAC
keldred1_GWAS,CCEPGANXX,7,AGCGATAG~CAGGACGT,11-0234_7,CCEPGANXX_7_AGCGATAG~CAGGACGT
keldred1_GWAS,CCEPGANXX,7,GAATTCGT~CAGGACGT,13-1984_7,CCEPGANXX_7_GAATTCGT~CAGGACGT
keldred1_GWAS,CCEPGANXX,7,ATTCAGAA~TAATCTTA,12-1438_7,CCEPGANXX_7_ATTCAGAA~TAATCTTA
keldred1_GWAS,CCEPGANXX,7,TCCGCGAA~TAATCTTA,12-0607_7,CCEPGANXX_7_TCCGCGAA~TAATCTTA
keldred1_GWAS,CCEPGANXX,7,ATTACTCG~AGGCGAAG,13-2167_7,CCEPGANXX_7_ATTACTCG~AGGCGAAG
keldred1_GWAS,CCEPGANXX,7,CTGAAGCT~ATAGAGGC,12-1752_7,CCEPGANXX_7_CTGAAGCT~ATAGAGGC
keldred1_GWAS,CCEPGANXX,7,TCTCGCGC~CCTATCCT,12-1219_7,CCEPGANXX_7_TCTCGCGC~CCTATCCT
keldred1_GWAS,CCEPGANXX,7,GAATTCGT~TATAGCCT,12-0771_7,CCEPGANXX_7_GAATTCGT~TATAGCCT
keldred1_GWAS,CCEPGANXX,7,AGCGATAG~GGCTCTGA,11-0288_7,CCEPGANXX_7_AGCGATAG~GGCTCTGA
keldred1_GWAS,CCEPGANXX,7,GAATTCGT~CCTATCCT,11-0297_7,CCEPGANXX_7_GAATTCGT~CCTATCCT
keldred1_GWAS,CCEPGANXX,7,TCCGCGAA~TATAGCCT,12-1621_7,CCEPGANXX_7_TCCGCGAA~TATAGCCT
keldred1_GWAS,CCEPGANXX,7,ATTCAGAA~TATAGCCT,12-1693_7,CCEPGANXX_7_ATTCAGAA~TATAGCCT
keldred1_GWAS,CCEPGANXX,7,ATTACTCG~CCTATCCT,13-2101_7,CCEPGANXX_7_ATTACTCG~CCTATCCT
keldred1_GWAS,CCEPGANXX,7,CTGAAGCT~TAATCTTA,12-0715_7,CCEPGANXX_7_CTGAAGCT~TAATCTTA
keldred1_GWAS,CCEPGANXX,7,GAGATTCC~GGCTCTGA,13-2046_7,CCEPGANXX_7_GAGATTCC~GGCTCTGA
keldred1_GWAS,CCEPGANXX,7,TCCGGAGA~CAGGACGT,12-1686_7,CCEPGANXX_7_TCCGGAGA~CAGGACGT
keldred1_GWAS,CCEPGANXX,7,GAATTCGT~TAATCTTA,12-0480_7,CCEPGANXX_7_GAATTCGT~TAATCTTA
keldred1_GWAS,CCEPGANXX,7,TCTCGCGC~TATAGCCT,11-0246_7,CCEPGANXX_7_TCTCGCGC~TATAGCCT
keldred1_GWAS,CCEPGANXX,7,GAATTCGT~ATAGAGGC,13-1978_7,CCEPGANXX_7_GAATTCGT~ATAGAGGC
keldred1_GWAS,CCEPGANXX,7,TAATGCGC~CAGGACGT,12-1560_7,CCEPGANXX_7_TAATGCGC~CAGGACGT
keldred1_GWAS,CCEPGANXX,7,GAATTCGT~GTACTGAC,13-2109_7,CCEPGANXX_7_GAATTCGT~GTACTGAC
keldred1_GWAS,CCEPGANXX,7,GAATTCGT~GGCTCTGA,12-1366_7,CCEPGANXX_7_GAATTCGT~GGCTCTGA
keldred1_GWAS,CCEPGANXX,7,AGCGATAG~GTACTGAC,12-0674_7,CCEPGANXX_7_AGCGATAG~GTACTGAC
keldred1_GWAS,CCEPGANXX,7,CGGCTATG~TATAGCCT,13-2111_7,CCEPGANXX_7_CGGCTATG~TATAGCCT
keldred1_GWAS,CCEPGANXX,7,AGCGATAG~ATAGAGGC,12-1774_7,CCEPGANXX_7_AGCGATAG~ATAGAGGC
keldred1_GWAS,CCEPGANXX,7,CGCTCATT~CAGGACGT,12-0359_7,CCEPGANXX_7_CGCTCATT~CAGGACGT
keldred1_GWAS,CCEPGANXX,7,GAGATTCC~CCTATCCT,12-0684_7,CCEPGANXX_7_GAGATTCC~CCTATCCT
keldred1_GWAS,CCEPGANXX,7,GAGATTCC~TAATCTTA,12-0885_7,CCEPGANXX_7_GAGATTCC~TAATCTTA
keldred1_GWAS,CCEPGANXX,7,TAATGCGC~AGGCGAAG,12-0942_7,CCEPGANXX_7_TAATGCGC~AGGCGAAG
keldred1_GWAS,CCEPGANXX,7,ATTCAGAA~CCTATCCT,12-0318_7,CCEPGANXX_7_ATTCAGAA~CCTATCCT
keldred1_GWAS,CCEPGANXX,7,GAGATTCC~ATAGAGGC,12-1187_7,CCEPGANXX_7_GAGATTCC~ATAGAGGC
keldred1_GWAS,CCEPGANXX,7,GAGATTCC~TATAGCCT,12-1062_7,CCEPGANXX_7_GAGATTCC~TATAGCCT
keldred1_GWAS,CCEPGANXX,7,CGGCTATG~AGGCGAAG,12-1092_7,CCEPGANXX_7_CGGCTATG~AGGCGAAG
keldred1_GWAS,CCEPGANXX,7,GAGATTCC~AGGCGAAG,12-1344_7,CCEPGANXX_7_GAGATTCC~AGGCGAAG
keldred1_GWAS,CCEPGANXX,7,ATTCAGAA~AGGCGAAG,12-1702_7,CCEPGANXX_7_ATTCAGAA~AGGCGAAG
keldred1_GWAS,CCEPGANXX,7,TCCGCGAA~CCTATCCT,13-1900_7,CCEPGANXX_7_TCCGCGAA~CCTATCCT
keldred1_GWAS,CCEPGANXX,7,TCCGGAG~TAATCTTA,12-1327_7,CCEPGANXX_7_TCCGGAG~TAATCTTA
keldred1_GWAS,CCEPGANXX,7,AGCGATAG~AGGCGAAG,11-0218_7,CCEPGANXX_7_AGCGATAG~AGGCGAAG
keldred1_GWAS,CCEPGANXX,7,CGCTCATT~TAATCTTA,12-1370_7,CCEPGANXX_7_CGCTCATT~TAATCTTA
keldred1_GWAS,CCEPGANXX,7,ATTCAGAA~ATAGAGGC,12-0749_7,CCEPGANXX_7_ATTCAGAA~ATAGAGGC
keldred1_GWAS,CCEPGANXX,7,CTGAAGCT~GTACTGAC,12-0977_7,CCEPGANXX_7_CTGAAGCT~GTACTGAC
keldred1_GWAS,CCEPGANXX,7,CGCTCATT~GGCTCTGA,13-2084_7,CCEPGANXX_7_CGCTCATT~GGCTCTGA
keldred1_GWAS,CCEPGANXX,7,TCCGCGAA~AGGCGAAG,13-1894_7,CCEPGANXX_7_TCCGCGAA~AGGCGAAG
keldred1_GWAS,CCEPGANXX,7,AGCGATAG~CCTATCCT,12-1274_7,CCEPGANXX_7_AGCGATAG~CCTATCCT
keldred1_GWAS,CCEPGANXX,7,ATTCAGAA~GTACTGAC,12-1048_7,CCEPGANXX_7_ATTCAGAA~GTACTGAC
keldred1_GWAS,CCEPGANXX,7,TAATGCGC~CCTATCCT,12-1589_7,CCEPGANXX_7_TAATGCGC~CCTATCCT
keldred1_GWAS,CCEPGANXX,7,TAATGCGC~GGCTCTGA,12-1761_7,CCEPGANXX_7_TAATGCGC~GGCTCTGA
keldred1_GWAS,CCEPGANXX,7,TAATGCGC~TATAGCCT,12-1354_7,CCEPGANXX_7_TAATGCGC~TATAGCCT
keldred1_GWAS,CCEPGANXX,7,ATTACTCG~TAATCTTA,12-1268_7,CCEPGANXX_7_ATTACTCG~TAATCTTA
keldred1_GWAS,CCEPGANXX,7,CGGCTATG~ATAGAGGC,12-1800_7,CCEPGANXX_7_CGGCTATG~ATAGAGGC
keldred1_GWAS,CCEPGANXX,7,CGGCTATG~GGCTCTGA,12-0985_7,CCEPGANXX_7_CGGCTATG~GGCTCTGA
keldred1_GWAS,CCEPGANXX,7,CGCTCATT~TATAGCCT,12-0851_7,CCEPGANXX_7_CGCTCATT~TATAGCCT
keldred1_GWAS,CCEPGANXX,7,CGCTCATT~AGGCGAAG,11-0256_7,CCEPGANXX_7_CGCTCATT~AGGCGAAG
keldred1_GWAS,CCEPGANXX,7,TCTCGCGC~AGGCGAAG,12-0729_7,CCEPGANXX_7_TCTCGCGC~AGGCGAAG
keldred1_GWAS,CCEPGANXX,7,TCTCGCGC~GTACTGAC,11-0227_7,CCEPGANXX_7_TCTCGCGC~GTACTGAC
keldred1_GWAS,CCEPGANXX,7,ATTACTCG~ATAGAGGC,12-0937_7,CCEPGANXX_7_ATTACTCG~ATAGAGGC
keldred1_GWAS,CCEPGANXX,7,GAGATTCC~CAGGACGT,12-0672_7,CCEPGANXX_7_GAGATTCC~CAGGACGT
keldred1_GWAS,CCEPGANXX,7,ATTACTCG~GGCTCTGA,12-0849_7,CCEPGANXX_7_ATTACTCG~GGCTCTGA
keldred1_GWAS,CCEPGANXX,7,CGGCTATG~CAGGACGT,12-0341_7,CCEPGANXX_7_CGGCTATG~CAGGACGT
keldred1_GWAS,CCEPGANXX,7,AGCGATAG~TATAGCCT,12-0626_7,CCEPGANXX_7_AGCGATAG~TATAGCCT
keldred1_GWAS,CCEPGANXX,7,ATTCAGAA~GGCTCTGA,12-0365_7,CCEPGANXX_7_ATTCAGAA~GGCTCTGA
keldred1_GWAS,CCEPGANXX,7,GAGATTCC~GTACTGAC,12-0914_7,CCEPGANXX_7_GAGATTCC~GTACTGAC
keldred1_GWAS,CCEPGANXX,7,AGCGATAG~TAATCTTA,12-1074_7,CCEPGANXX_7_AGCGATAG~TAATCTTA
keldred1_GWAS,CCEPGANXX,7,CGCTCATT~GTACTGAC,13-1990_7,CCEPGANXX_7_CGCTCATT~GTACTGAC
keldred1_GWAS,CCEPGANXX,7,GAATTCGT~AGGCGAAG,12-0739_7,CCEPGANXX_7_GAATTCGT~AGGCGAAG
keldred1_GWAS,CCEPGANXX,7,ATTACTCG~CAGGACGT,13-1937_7,CCEPGANXX_7_ATTACTCG~CAGGACGT
keldred1_GWAS,CCEPGANXX,7,CGCTCATT~ATAGAGGC,12-0363_7,CCEPGANXX_7_CGCTCATT~ATAGAGGC
keldred1_GWAS,CCEPGANXX,7,TCCGGAGA~AGGCGAAG,13-1991_7,CCEPGANXX_7_TCCGGAGA~AGGCGAAG
keldred1_GWAS,CCEPGANXX,7,ATTCAGAA~CAGGACGT,12-0752_7,CCEPGANXX_7_ATTCAGAA~CAGGACGT
keldred1_GWAS,CCEPGANXX,7,CTGAAGCT~AGGCGAAG,12-1658_7,CCEPGANXX_7_CTGAAGCT~AGGCGAAG
keldred1_GWAS,CCEPGANXX,7,CGGCTATG~TAATCTTA,12-1586_7,CCEPGANXX_7_CGGCTATG~TAATCTTA
keldred1_GWAS,CCEPGANXX,7,TCCGGAGA~CCTATCCT,12-0474_7,CCEPGANXX_7_TCCGGAGA~CCTATCCT
keldred1_GWAS,CCEPGANXX,7,ATTACTCG~TATAGCCT,12-0675_7,CCEPGANXX_7_ATTACTCG~TATAGCCT
keldred1_GWAS,CCEPGANXX,7,TCCGCGAA~CAGGACGT,12-1562_7,CCEPGANXX_7_TCCGCGAA~CAGGACGT
keldred1_GWAS,CCEPGANXX,7,CTGAAGCT~CCTATCCT,11-0304_7,CCEPGANXX_7_CTGAAGCT~CCTATCCT
keldred1_GWAS,CCEPGANXX,7,TAATGCGC~GTACTGAC,11-0220_7,CCEPGANXX_7_TAATGCGC~GTACTGAC
keldred1_GWAS,CCEPGANXX,7,CGCTCATT~CCTATCCT,11-0222_7,CCEPGANXX_7_CGCTCATT~CCTATCCT
keldred1_GWAS,CCEPGANXX,7,TAATGCGC~TAATCTTA,12-1654_7,CCEPGANXX_7_TAATGCGC~TAATCTTA
keldred1_GWAS,CCEPGANXX,7,TCTCGCGC~ATAGAGGC,11-0245_7,CCEPGANXX_7_TCTCGCGC~ATAGAGGC
keldred1_GWAS,CCEPGANXX,7,CGGCTATG~CCTATCCT,12-1298_7,CCEPGANXX_7_CGGCTATG~CCTATCCT
keldred1_GWAS,CCEPGANXX,7,TCTCGCGC~GGCTCTGA,12-1651_7,CCEPGANXX_7_TCTCGCGC~GGCTCTGA
keldred1_GWAS,CCEPGANXX,7,ATTACTCG~GTACTGAC,12-0993_7,CCEPGANXX_7_ATTACTCG~GTACTGAC
keldred1_GWAS,CCEPGANXX,7,TCTCGCGC~CAGGACGT,12-0478_7,CCEPGANXX_7_TCTCGCGC~CAGGACGT
keldred1_GWAS,CCEPGANXX,7,TCCGGAGA~GTACTGAC,13-1927_7,CCEPGANXX_7_TCCGGAGA~GTACTGAC
keldred1_GWAS,CCEPGANXX,7,CTGAAGCT~TATAGCCT,12-0685_7,CCEPGANXX_7_CTGAAGCT~TATAGCCT
keldred1_GWAS,CCEPGANXX,7,TCTCGCGC~TAATCTTA,12-0652_7,CCEPGANXX_7_TCTCGCGC~TAATCTTA
keldred1_GWAS,CCEPGANXX,7,CTGAAGCT~GGCTCTGA,12-1019_7,CCEPGANXX_7_CTGAAGCT~GGCTCTGA
keldred1_GWAS,CCEPGANXX,8,TAATGCGC~AGGCGAAG,12-1066_8,CCEPGANXX_8_TAATGCGC~AGGCGAAG
keldred1_GWAS,CCEPGANXX,8,TCCGCGAA~GGCTCTGA,13-1888_8,CCEPGANXX_8_TCCGCGAA~GGCTCTGA
keldred1_GWAS,CCEPGANXX,8,CGCTCATT~GGCTCTGA,12-0650_8,CCEPGANXX_8_CGCTCATT~GGCTCTGA
keldred1_GWAS,CCEPGANXX,8,CGGCTATG~GGCTCTGA,12-1157_8,CCEPGANXX_8_CGGCTATG~GGCTCTGA
keldred1_GWAS,CCEPGANXX,8,TCCGGAGA~CCTATCCT,12-1234_8,CCEPGANXX_8_TCCGGAGA~CCTATCCT
keldred1_GWAS,CCEPGANXX,8,GAGATTCC~GTACTGAC,12-1180_8,CCEPGANXX_8_GAGATTCC~GTACTGAC
keldred1_GWAS,CCEPGANXX,8,CTGAAGCT~CCTATCCT,13-1992_8,CCEPGANXX_8_CTGAAGCT~CCTATCCT
keldred1_GWAS,CCEPGANXX,8,GAATTCGT~ATAGAGGC,12-1145_8,CCEPGANXX_8_GAATTCGT~ATAGAGGC
keldred1_GWAS,CCEPGANXX,8,TCCGCGAA~TAATCTTA,13-1941_8,CCEPGANXX_8_TCCGCGAA~TAATCTTA
keldred1_GWAS,CCEPGANXX,8,TCTCGCGC~ATAGAGGC,12-1175_8,CCEPGANXX_8_TCTCGCGC~ATAGAGGC
keldred1_GWAS,CCEPGANXX,8,CTGAAGCT~ATAGAGGC,11-0307_8,CCEPGANXX_8_CTGAAGCT~ATAGAGGC
keldred1_GWAS,CCEPGANXX,8,ATTCAGAA~ATAGAGGC,13-2114_8,CCEPGANXX_8_ATTCAGAA~ATAGAGGC
keldred1_GWAS,CCEPGANXX,8,CGCTCATT~TATAGCCT,13-1998_8,CCEPGANXX_8_CGCTCATT~TATAGCCT
keldred1_GWAS,CCEPGANXX,8,ATTCAGAA~CCTATCCT,12-0727_8,CCEPGANXX_8_ATTCAGAA~CCTATCCT
keldred1_GWAS,CCEPGANXX,8,GAGATTCC~ATAGAGGC,12-0683_8,CCEPGANXX_8_GAGATTCC~ATAGAGGC
keldred1_GWAS,CCEPGANXX,8,TCTCGCGC~GGCTCTGA,12-0740_8,CCEPGANXX_8_TCTCGCGC~GGCTCTGA
keldred1_GWAS,CCEPGANXX,8,TAATGCGC~GGCTCTGA,12-1140_8,CCEPGANXX_8_TAATGCGC~GGCTCTGA
keldred1_GWAS,CCEPGANXX,8,CGGCTATG~TAATCTTA,13-1929_8,CCEPGANXX_8_CGGCTATG~TAATCTTA
keldred1_GWAS,CCEPGANXX,8,AGCGATAG~CCTATCCT,12-1649_8,CCEPGANXX_8_AGCGATAG~CCTATCCT
keldred1_GWAS,CCEPGANXX,8,ATTCAGAA~CAGGACGT,12-1497_8,CCEPGANXX_8_ATTCAGAA~CAGGACGT
keldred1_GWAS,CCEPGANXX,8,CGGCTATG~AGGCGAAG,12-1569_8,CCEPGANXX_8_CGGCTATG~AGGCGAAG
keldred1_GWAS,CCEPGANXX,8,TCCGCGAA~CAGGACGT,13-1982_8,CCEPGANXX_8_TCCGCGAA~CAGGACGT
keldred1_GWAS,CCEPGANXX,8,CGCTCATT~AGGCGAAG,12-0862_8,CCEPGANXX_8_CGCTCATT~AGGCGAAG
keldred1_GWAS,CCEPGANXX,8,TCCGCGAA~AGGCGAAG,12-0931_8,CCEPGANXX_8_TCCGCGAA~AGGCGAAG
keldred1_GWAS,CCEPGANXX,8,CGGCTATG~CCTATCCT,12-1155_8,CCEPGANXX_8_CGGCTATG~CCTATCCT
keldred1_GWAS,CCEPGANXX,8,AGCGATAG~TATAGCCT,12-1496_8,CCEPGANXX_8_AGCGATAG~TATAGCCT
keldred1_GWAS,CCEPGANXX,8,CGGCTATG~ATAGAGGC,12-0950_8,CCEPGANXX_8_CGGCTATG~ATAGAGGC
keldred1_GWAS,CCEPGANXX,8,ATTCAGAA~GTACTGAC,12-0623_8,CCEPGANXX_8_ATTCAGAA~GTACTGAC
keldred1_GWAS,CCEPGANXX,8,TCTCGCGC~CAGGACGT,12-0331_8,CCEPGANXX_8_TCTCGCGC~CAGGACGT
keldred1_GWAS,CCEPGANXX,8,ATTACTCG~CCTATCCT,13-2141_8,CCEPGANXX_8_ATTACTCG~CCTATCCT
keldred1_GWAS,CCEPGANXX,8,TAATGCGC~TAATCTTA,12-1757_8,CCEPGANXX_8_TAATGCGC~TAATCTTA
keldred1_GWAS,CCEPGANXX,8,TAATGCGC~CCTATCCT,11-0292_8,CCEPGANXX_8_TAATGCGC~CCTATCCT
keldred1_GWAS,CCEPGANXX,8,TCCGCGAA~CCTATCCT,11-0290_8,CCEPGANXX_8_TCCGCGAA~CCTATCCT
keldred1_GWAS,CCEPGANXX,8,TCCGGAG~TAATCTTA,12-0477_8,CCEPGANXX_8_TCCGGAG~TAATCTTA
keldred1_GWAS,CCEPGANXX,8,GAGATTCC~TAATCTTA,12-0745_8,CCEPGANXX_8_GAGATTCC~TAATCTTA
keldred1_GWAS,CCEPGANXX,8,TCCGGAGA~AGGCGAAG,12-0981_8,CCEPGANXX_8_TCCGGAGA~AGGCGAAG
keldred1_GWAS,CCEPGANXX,8,GAATTCGT~CAGGACGT,12-1435_8,CCEPGANXX_8_GAATTCGT~CAGGACGT
keldred1_GWAS,CCEPGANXX,8,CTGAAGCT~AGGCGAAG,13-1975_8,CCEPGANXX_8_CTGAAGCT~AGGCGAAG
keldred1_GWAS,CCEPGANXX,8,CGCTCATT~ATAGAGGC,13-1893_8,CCEPGANXX_8_CGCTCATT~ATAGAGGC
keldred1_GWAS,CCEPGANXX,8,CGCTCATT~TAATCTTA,11-0306_8,CCEPGANXX_8_CGCTCATT~TAATCTTA
keldred1_GWAS,CCEPGANXX,8,TCTCGCGC~TAATCTTA,13-2006_8,CCEPGANXX_8_TCTCGCGC~TAATCTTA
keldred1_GWAS,CCEPGANXX,8,TAATGCGC~ATAGAGGC,13-2031_8,CCEPGANXX_8_TAATGCGC~ATAGAGGC
keldred1_GWAS,CCEPGANXX,8,TAATGCGC~CAGGACGT,12-1095_8,CCEPGANXX_8_TAATGCGC~CAGGACGT
keldred1_GWAS,CCEPGANXX,8,GAATTCGT~GGCTCTGA,12-0631_8,CCEPGANXX_8_GAATTCGT~GGCTCTGA
keldred1_GWAS,CCEPGANXX,8,GAGATTCC~TATAGCCT,13-1931_8,CCEPGANXX_8_GAGATTCC~TATAGCCT
keldred1_GWAS,CCEPGANXX,8,TCCGGAGA~CAGGACGT,12-0895_8,CCEPGANXX_8_TCCGGAGA~CAGGACGT
keldred1_GWAS,CCEPGANXX,8,CTGAAGCT~GGCTCTGA,12-1181_8,CCEPGANXX_8_CTGAAGCT~GGCTCTGA
keldred1_GWAS,CCEPGANXX,8,ATTCAGAA~GGCTCTGA,11-0310_8,CCEPGANXX_8_ATTCAGAA~GGCTCTGA
keldred1_GWAS,CCEPGANXX,8,CGCTCATT~GTACTGAC,12-0642_8,CCEPGANXX_8_CGCTCATT~GTACTGAC
keldred1_GWAS,CCEPGANXX,8,ATTACTCG~AGGCGAAG,12-1169_8,CCEPGANXX_8_ATTACTCG~AGGCGAAG
keldred1_GWAS,CCEPGANXX,8,CTGAAGCT~TATAGCCT,13-1976_8,CCEPGANXX_8_CTGAAGCT~TATAGCCT
keldred1_GWAS,CCEPGANXX,8,ATTCAGAA~TAATCTTA,12-0510_8,CCEPGANXX_8_ATTCAGAA~TAATCTTA
keldred1_GWAS,CCEPGANXX,8,CGGCTATG~CAGGACGT,12-1349_8,CCEPGANXX_8_CGGCTATG~CAGGACGT
keldred1_GWAS,CCEPGANXX,8,CGCTCATT~CCTATCCT,12-1442_8,CCEPGANXX_8_CGCTCATT~CCTATCCT
keldred1_GWAS,CCEPGANXX,8,ATTACTCG~ATAGAGGC,12-0677_8,CCEPGANXX_8_ATTACTCG~ATAGAGGC
keldred1_GWAS,CCEPGANXX,8,CTGAAGCT~CAGGACGT,11-0284_8,CCEPGANXX_8_CTGAAGCT~CAGGACGT
keldred1_GWAS,CCEPGANXX,8,TCCGGAGA~ATAGAGGC,12-0905_8,CCEPGANXX_8_TCCGGAGA~ATAGAGGC
keldred1_GWAS,CCEPGANXX,8,GAATTCGT~TATAGCCT,11-0285_8,CCEPGANXX_8_GAATTCGT~TATAGCCT
keldred1_GWAS,CCEPGANXX,8,GAGATTCC~CAGGACGT,13-1938_8,CCEPGANXX_8_GAGATTCC~CAGGACGT
keldred1_GWAS,CCEPGANXX,8,ATTACTCG~TAATCTTA,12-0374_8,CCEPGANXX_8_ATTACTCG~TAATCTTA
keldred1_GWAS,CCEPGANXX,8,TAATGCGC~TATAGCCT,12-0852_8,CCEPGANXX_8_TAATGCGC~TATAGCCT
keldred1_GWAS,CCEPGANXX,8,AGCGATAG~GGCTCTGA,12-0681_8,CCEPGANXX_8_AGCGATAG~GGCTCTGA
keldred1_GWAS,CCEPGANXX,8,ATTACTCG~TATAGCCT,13-1898_8,CCEPGANXX_8_ATTACTCG~TATAGCCT
keldred1_GWAS,CCEPGANXX,8,GAATTCGT~AGGCGAAG,12-0548_8,CCEPGANXX_8_GAATTCGT~AGGCGAAG
keldred1_GWAS,CCEPGANXX,8,ATTACTCG~CAGGACGT,11-0212_8,CCEPGANXX_8_ATTACTCG~CAGGACGT
keldred1_GWAS,CCEPGANXX,8,GAATTCGT~CCTATCCT,12-0364_8,CCEPGANXX_8_GAATTCGT~CCTATCCT
keldred1_GWAS,CCEPGANXX,8,TCCGCGAA~TATAGCCT,12-0738_8,CCEPGANXX_8_TCCGCGAA~TATAGCCT
keldred1_GWAS,CCEPGANXX,8,ATTCAGAA~TATAGCCT,12-0482_8,CCEPGANXX_8_ATTCAGAA~TATAGCCT
keldred1_GWAS,CCEPGANXX,8,GAGATTCC~GGCTCTGA,12-0853_8,CCEPGANXX_8_GAGATTCC~GGCTCTGA
keldred1_GWAS,CCEPGANXX,8,TCCGGAGA~GGCTCTGA,12-1089_8,CCEPGANXX_8_TCCGGAGA~GGCTCTGA
keldred1_GWAS,CCEPGANXX,8,CGCTCATT~CAGGACGT,12-0649_8,CCEPGANXX_8_CGCTCATT~CAGGACGT
keldred1_GWAS,CCEPGANXX,8,CGGCTATG~TATAGCCT,13-2095_8,CCEPGANXX_8_CGGCTATG~TATAGCCT
keldred1_GWAS,CCEPGANXX,8,TCTCGCGC~TATAGCCT,12-0651_8,CCEPGANXX_8_TCTCGCGC~TATAGCCT
keldred1_GWAS,CCEPGANXX,8,TCTCGCGC~AGGCGAAG,12-1357_8,CCEPGANXX_8_TCTCGCGC~AGGCGAAG
keldred1_GWAS,CCEPGANXX,8,AGCGATAG~ATAGAGGC,12-1696_8,CCEPGANXX_8_AGCGATAG~ATAGAGGC
keldred1_GWAS,CCEPGANXX,8,ATTACTCG~GGCTCTGA,12-0785_8,CCEPGANXX_8_ATTACTCG~GGCTCTGA
keldred1_GWAS,CCEPGANXX,8,GAATTCGT~TAATCTTA,13-2080_8,CCEPGANXX_8_GAATTCGT~TAATCTTA
keldred1_GWAS,CCEPGANXX,8,TCCGCGAA~ATAGAGGC,12-1036_8,CCEPGANXX_8_TCCGCGAA~ATAGAGGC
keldred1_GWAS,CCEPGANXX,8,AGCGATAG~AGGCGAAG,12-1556_8,CCEPGANXX_8_AGCGATAG~AGGCGAAG
keldred1_GWAS,CCEPGANXX,8,TCTCGCGC~GTACTGAC,12-1235_8,CCEPGANXX_8_TCTCGCGC~GTACTGAC
keldred1_GWAS,CCEPGANXX,8,TCCGGAGA~TATAGCCT,12-1120_8,CCEPGANXX_8_TCCGGAGA~TATAGCCT
keldred1_GWAS,CCEPGANXX,8,ATTCAGAA~AGGCGAAG,13-1939_8,CCEPGANXX_8_ATTCAGAA~AGGCGAAG
keldred1_GWAS,CCEPGANXX,8,GAGATTCC~AGGCGAAG,13-2085_8,CCEPGANXX_8_GAGATTCC~AGGCGAAG
keldred1_GWAS,CCEPGANXX,8,GAGATTCC~CCTATCCT,12-1044_8,CCEPGANXX_8_GAGATTCC~CCTATCCT
keldred1_GWAS,CCEPGANXX,8,TCTCGCGC~CCTATCCT,12-1192_8,CCEPGANXX_8_TCTCGCGC~CCTATCCT
keldred1_GWAS,CCEPGANXX,8,ATTACTCG~GTACTGAC,13-2088_8,CCEPGANXX_8_ATTACTCG~GTACTGAC
keldred1_GWAS,CCEPGANXX,8,CTGAAGCT~TAATCTTA,12-1335_8,CCEPGANXX_8_CTGAAGCT~TAATCTTA
keldred1_GWAS,CCEPGANXX,8,AGCGATAG~GTACTGAC,12-1116_8,CCEPGANXX_8_AGCGATAG~GTACTGAC